/*
 Navicat Premium Dump SQL

 Source Server         : mysql8
 Source Server Type    : MySQL
 Source Server Version : 80407 (8.4.7)
 Source Host           : localhost:3306
 Source Schema         : ruoyi

 Target Server Type    : MySQL
 Target Server Version : 80407 (8.4.7)
 File Encoding         : 65001

 Date: 18/11/2025 19:30:13
*/

SET NAMES utf8mb4;
SET FOREIGN_KEY_CHECKS = 0;

-- ----------------------------
-- Table structure for gen_table
-- ----------------------------
DROP TABLE IF EXISTS `gen_table`;
CREATE TABLE `gen_table`  (
  `table_id` bigint NOT NULL AUTO_INCREMENT COMMENT 'зј–еҸ·',
  `table_name` varchar(200) CHARACTER SET utf8mb4 COLLATE utf8mb4_general_ci NULL DEFAULT '' COMMENT 'иЎЁеҗҚз§°',
  `table_comment` varchar(500) CHARACTER SET utf8mb4 COLLATE utf8mb4_general_ci NULL DEFAULT '' COMMENT 'иЎЁжҸҸиҝ°',
  `sub_table_name` varchar(64) CHARACTER SET utf8mb4 COLLATE utf8mb4_general_ci NULL DEFAULT NULL COMMENT 'е…іиҒ”еӯҗиЎЁзҡ„иЎЁеҗҚ',
  `sub_table_fk_name` varchar(64) CHARACTER SET utf8mb4 COLLATE utf8mb4_general_ci NULL DEFAULT NULL COMMENT 'еӯҗиЎЁе…іиҒ”зҡ„еӨ–й”®еҗҚ',
  `class_name` varchar(100) CHARACTER SET utf8mb4 COLLATE utf8mb4_general_ci NULL DEFAULT '' COMMENT 'е®һдҪ“зұ»еҗҚз§°',
  `tpl_category` varchar(200) CHARACTER SET utf8mb4 COLLATE utf8mb4_general_ci NULL DEFAULT 'crud' COMMENT 'дҪҝз”Ёзҡ„жЁЎжқҝпјҲcrudеҚ•иЎЁж“ҚдҪң treeж ‘иЎЁж“ҚдҪңпјү',
  `tpl_web_type` varchar(30) CHARACTER SET utf8mb4 COLLATE utf8mb4_general_ci NULL DEFAULT '' COMMENT 'еүҚз«ҜжЁЎжқҝзұ»еһӢпјҲelement-uiжЁЎзүҲ element-plusжЁЎзүҲпјү',
  `package_name` varchar(100) CHARACTER SET utf8mb4 COLLATE utf8mb4_general_ci NULL DEFAULT NULL COMMENT 'з”ҹжҲҗеҢ…и·Ҝеҫ„',
  `module_name` varchar(30) CHARACTER SET utf8mb4 COLLATE utf8mb4_general_ci NULL DEFAULT NULL COMMENT 'з”ҹжҲҗжЁЎеқ—еҗҚ',
  `business_name` varchar(30) CHARACTER SET utf8mb4 COLLATE utf8mb4_general_ci NULL DEFAULT NULL COMMENT 'з”ҹжҲҗдёҡеҠЎеҗҚ',
  `function_name` varchar(50) CHARACTER SET utf8mb4 COLLATE utf8mb4_general_ci NULL DEFAULT NULL COMMENT 'з”ҹжҲҗеҠҹиғҪеҗҚ',
  `function_author` varchar(50) CHARACTER SET utf8mb4 COLLATE utf8mb4_general_ci NULL DEFAULT NULL COMMENT 'з”ҹжҲҗеҠҹиғҪдҪңиҖ…',
  `gen_type` char(1) CHARACTER SET utf8mb4 COLLATE utf8mb4_general_ci NULL DEFAULT '0' COMMENT 'з”ҹжҲҗд»Јз Ғж–№ејҸпјҲ0zipеҺӢзј©еҢ… 1иҮӘе®ҡд№үи·Ҝеҫ„пјү',
  `gen_path` varchar(200) CHARACTER SET utf8mb4 COLLATE utf8mb4_general_ci NULL DEFAULT '/' COMMENT 'з”ҹжҲҗи·Ҝеҫ„пјҲдёҚеЎ«й»ҳи®ӨйЎ№зӣ®и·Ҝеҫ„пјү',
  `options` varchar(1000) CHARACTER SET utf8mb4 COLLATE utf8mb4_general_ci NULL DEFAULT NULL COMMENT 'е…¶е®ғз”ҹжҲҗйҖүйЎ№',
  `create_by` varchar(64) CHARACTER SET utf8mb4 COLLATE utf8mb4_general_ci NULL DEFAULT '' COMMENT 'еҲӣе»әиҖ…',
  `create_time` datetime NULL DEFAULT NULL COMMENT 'еҲӣе»әж—¶й—ҙ',
  `update_by` varchar(64) CHARACTER SET utf8mb4 COLLATE utf8mb4_general_ci NULL DEFAULT '' COMMENT 'жӣҙж–°иҖ…',
  `update_time` datetime NULL DEFAULT NULL COMMENT 'жӣҙж–°ж—¶й—ҙ',
  `remark` varchar(500) CHARACTER SET utf8mb4 COLLATE utf8mb4_general_ci NULL DEFAULT NULL COMMENT 'еӨҮжіЁ',
  PRIMARY KEY (`table_id`) USING BTREE
) ENGINE = InnoDB AUTO_INCREMENT = 5 CHARACTER SET = utf8mb4 COLLATE = utf8mb4_general_ci COMMENT = 'д»Јз Ғз”ҹжҲҗдёҡеҠЎиЎЁ' ROW_FORMAT = DYNAMIC;

-- ----------------------------
-- Records of gen_table
-- ----------------------------
INSERT INTO `gen_table` VALUES (4, 'tourism_news', '', NULL, NULL, 'TourismNews', 'crud', '', 'cn.edu.cquet.tourism', 'tourism', 'news', NULL, 'cquet', '0', '/', NULL, 'admin', '2025-10-25 22:36:07', '', NULL, NULL);

-- ----------------------------
-- Table structure for gen_table_column
-- ----------------------------
DROP TABLE IF EXISTS `gen_table_column`;
CREATE TABLE `gen_table_column`  (
  `column_id` bigint NOT NULL AUTO_INCREMENT COMMENT 'зј–еҸ·',
  `table_id` bigint NULL DEFAULT NULL COMMENT 'еҪ’еұһиЎЁзј–еҸ·',
  `column_name` varchar(200) CHARACTER SET utf8mb4 COLLATE utf8mb4_general_ci NULL DEFAULT NULL COMMENT 'еҲ—еҗҚз§°',
  `column_comment` varchar(500) CHARACTER SET utf8mb4 COLLATE utf8mb4_general_ci NULL DEFAULT NULL COMMENT 'еҲ—жҸҸиҝ°',
  `column_type` varchar(100) CHARACTER SET utf8mb4 COLLATE utf8mb4_general_ci NULL DEFAULT NULL COMMENT 'еҲ—зұ»еһӢ',
  `java_type` varchar(500) CHARACTER SET utf8mb4 COLLATE utf8mb4_general_ci NULL DEFAULT NULL COMMENT 'JAVAзұ»еһӢ',
  `java_field` varchar(200) CHARACTER SET utf8mb4 COLLATE utf8mb4_general_ci NULL DEFAULT NULL COMMENT 'JAVAеӯ—ж®өеҗҚ',
  `is_pk` char(1) CHARACTER SET utf8mb4 COLLATE utf8mb4_general_ci NULL DEFAULT NULL COMMENT 'жҳҜеҗҰдё»й”®пјҲ1жҳҜпјү',
  `is_increment` char(1) CHARACTER SET utf8mb4 COLLATE utf8mb4_general_ci NULL DEFAULT NULL COMMENT 'жҳҜеҗҰиҮӘеўһпјҲ1жҳҜпјү',
  `is_required` char(1) CHARACTER SET utf8mb4 COLLATE utf8mb4_general_ci NULL DEFAULT NULL COMMENT 'жҳҜеҗҰеҝ…еЎ«пјҲ1жҳҜпјү',
  `is_insert` char(1) CHARACTER SET utf8mb4 COLLATE utf8mb4_general_ci NULL DEFAULT NULL COMMENT 'жҳҜеҗҰдёәжҸ’е…Ҙеӯ—ж®өпјҲ1жҳҜпјү',
  `is_edit` char(1) CHARACTER SET utf8mb4 COLLATE utf8mb4_general_ci NULL DEFAULT NULL COMMENT 'жҳҜеҗҰзј–иҫ‘еӯ—ж®өпјҲ1жҳҜпјү',
  `is_list` char(1) CHARACTER SET utf8mb4 COLLATE utf8mb4_general_ci NULL DEFAULT NULL COMMENT 'жҳҜеҗҰеҲ—иЎЁеӯ—ж®өпјҲ1жҳҜпјү',
  `is_query` char(1) CHARACTER SET utf8mb4 COLLATE utf8mb4_general_ci NULL DEFAULT NULL COMMENT 'жҳҜеҗҰжҹҘиҜўеӯ—ж®өпјҲ1жҳҜпјү',
  `query_type` varchar(200) CHARACTER SET utf8mb4 COLLATE utf8mb4_general_ci NULL DEFAULT 'EQ' COMMENT 'жҹҘиҜўж–№ејҸпјҲзӯүдәҺгҖҒдёҚзӯүдәҺгҖҒеӨ§дәҺгҖҒе°ҸдәҺгҖҒиҢғеӣҙпјү',
  `html_type` varchar(200) CHARACTER SET utf8mb4 COLLATE utf8mb4_general_ci NULL DEFAULT NULL COMMENT 'жҳҫзӨәзұ»еһӢпјҲж–Үжң¬жЎҶгҖҒж–Үжң¬еҹҹгҖҒдёӢжӢүжЎҶгҖҒеӨҚйҖүжЎҶгҖҒеҚ•йҖүжЎҶгҖҒж—ҘжңҹжҺ§д»¶пјү',
  `dict_type` varchar(200) CHARACTER SET utf8mb4 COLLATE utf8mb4_general_ci NULL DEFAULT '' COMMENT 'еӯ—е…ёзұ»еһӢ',
  `sort` int NULL DEFAULT NULL COMMENT 'жҺ’еәҸ',
  `create_by` varchar(64) CHARACTER SET utf8mb4 COLLATE utf8mb4_general_ci NULL DEFAULT '' COMMENT 'еҲӣе»әиҖ…',
  `create_time` datetime NULL DEFAULT NULL COMMENT 'еҲӣе»әж—¶й—ҙ',
  `update_by` varchar(64) CHARACTER SET utf8mb4 COLLATE utf8mb4_general_ci NULL DEFAULT '' COMMENT 'жӣҙж–°иҖ…',
  `update_time` datetime NULL DEFAULT NULL COMMENT 'жӣҙж–°ж—¶й—ҙ',
  PRIMARY KEY (`column_id`) USING BTREE
) ENGINE = InnoDB AUTO_INCREMENT = 53 CHARACTER SET = utf8mb4 COLLATE = utf8mb4_general_ci COMMENT = 'д»Јз Ғз”ҹжҲҗдёҡеҠЎиЎЁеӯ—ж®ө' ROW_FORMAT = DYNAMIC;

-- ----------------------------
-- Records of gen_table_column
-- ----------------------------
INSERT INTO `gen_table_column` VALUES (42, 4, 'id', '', 'int', 'Long', 'id', '1', '1', '0', '1', NULL, NULL, NULL, 'EQ', 'input', '', 1, 'admin', '2025-10-25 22:36:07', '', '2025-10-25 22:37:25');
INSERT INTO `gen_table_column` VALUES (43, 4, 'news_title', '', 'varchar(128)', 'String', 'newsTitle', '0', '0', '0', '1', '1', '1', '1', 'EQ', 'input', '', 2, 'admin', '2025-10-25 22:36:07', '', '2025-10-25 22:37:26');
INSERT INTO `gen_table_column` VALUES (44, 4, 'news_type', '', 'char(1)', 'String', 'newsType', '0', '0', '0', '1', '1', '1', '1', 'EQ', 'select', '', 3, 'admin', '2025-10-25 22:36:07', '', '2025-10-25 22:37:26');
INSERT INTO `gen_table_column` VALUES (45, 4, 'news_content', '', 'longblob', 'String', 'newsContent', '0', '0', '0', '1', '1', '1', '1', 'EQ', 'editor', '', 4, 'admin', '2025-10-25 22:36:07', '', '2025-10-25 22:37:26');
INSERT INTO `gen_table_column` VALUES (46, 4, 'status', '', 'char(1)', 'String', 'status', '0', '0', '0', '1', '1', '1', '1', 'EQ', 'radio', '', 5, 'admin', '2025-10-25 22:36:07', '', '2025-10-25 22:37:26');
INSERT INTO `gen_table_column` VALUES (47, 4, 'create_by', '', 'varchar(64)', 'String', 'createBy', '0', '0', '0', '1', NULL, NULL, NULL, 'EQ', 'input', '', 6, 'admin', '2025-10-25 22:36:07', '', '2025-10-25 22:37:26');
INSERT INTO `gen_table_column` VALUES (48, 4, 'create_time', 'еҲӣе»әж—¶й—ҙ', 'datetime', 'Date', 'createTime', '0', '0', '0', '1', NULL, NULL, NULL, 'EQ', 'datetime', '', 7, 'admin', '2025-10-25 22:36:07', '', '2025-10-25 22:37:26');
INSERT INTO `gen_table_column` VALUES (49, 4, 'update_by', '', 'varchar(64)', 'String', 'updateBy', '0', '0', '0', '1', '1', NULL, NULL, 'EQ', 'input', '', 8, 'admin', '2025-10-25 22:36:07', '', '2025-10-25 22:37:26');
INSERT INTO `gen_table_column` VALUES (50, 4, 'update_time', '', 'datetime', 'Date', 'updateTime', '0', '0', '0', '1', '1', NULL, NULL, 'EQ', 'datetime', '', 9, 'admin', '2025-10-25 22:36:07', '', '2025-10-25 22:37:26');
INSERT INTO `gen_table_column` VALUES (51, 4, 'remark', '', 'varchar(255)', 'String', 'remark', '0', '0', '0', '1', '1', '1', NULL, 'EQ', 'input', '', 10, 'admin', '2025-10-25 22:36:07', '', '2025-10-25 22:37:26');
INSERT INTO `gen_table_column` VALUES (52, 4, 'del_flag', 'йҖ»иҫ‘еҲ йҷӨ', 'int', 'Long', 'delFlag', '0', '0', '0', '1', NULL, NULL, NULL, 'EQ', 'input', '', 11, 'admin', '2025-10-25 22:36:07', '', '2025-10-25 22:37:26');

-- ----------------------------
-- Table structure for sys_config
-- ----------------------------
DROP TABLE IF EXISTS `sys_config`;
CREATE TABLE `sys_config`  (
  `config_id` int NOT NULL AUTO_INCREMENT COMMENT 'еҸӮж•°дё»й”®',
  `config_name` varchar(100) CHARACTER SET utf8mb4 COLLATE utf8mb4_general_ci NULL DEFAULT '' COMMENT 'еҸӮж•°еҗҚз§°',
  `config_key` varchar(100) CHARACTER SET utf8mb4 COLLATE utf8mb4_general_ci NULL DEFAULT '' COMMENT 'еҸӮж•°й”®еҗҚ',
  `config_value` varchar(500) CHARACTER SET utf8mb4 COLLATE utf8mb4_general_ci NULL DEFAULT '' COMMENT 'еҸӮж•°й”®еҖј',
  `config_type` char(1) CHARACTER SET utf8mb4 COLLATE utf8mb4_general_ci NULL DEFAULT 'N' COMMENT 'зі»з»ҹеҶ…зҪ®пјҲYжҳҜ NеҗҰпјү',
  `create_by` varchar(64) CHARACTER SET utf8mb4 COLLATE utf8mb4_general_ci NULL DEFAULT '' COMMENT 'еҲӣе»әиҖ…',
  `create_time` datetime NULL DEFAULT NULL COMMENT 'еҲӣе»әж—¶й—ҙ',
  `update_by` varchar(64) CHARACTER SET utf8mb4 COLLATE utf8mb4_general_ci NULL DEFAULT '' COMMENT 'жӣҙж–°иҖ…',
  `update_time` datetime NULL DEFAULT NULL COMMENT 'жӣҙж–°ж—¶й—ҙ',
  `remark` varchar(500) CHARACTER SET utf8mb4 COLLATE utf8mb4_general_ci NULL DEFAULT NULL COMMENT 'еӨҮжіЁ',
  `del_flag` int NULL DEFAULT NULL,
  `status` int NULL DEFAULT NULL,
  PRIMARY KEY (`config_id`) USING BTREE
) ENGINE = InnoDB AUTO_INCREMENT = 101 CHARACTER SET = utf8mb4 COLLATE = utf8mb4_general_ci COMMENT = 'еҸӮж•°й…ҚзҪ®иЎЁ' ROW_FORMAT = DYNAMIC;

-- ----------------------------
-- Records of sys_config
-- ----------------------------
INSERT INTO `sys_config` VALUES (1, 'дё»жЎҶжһ¶йЎө-й»ҳи®Өзҡ®иӮӨж ·ејҸеҗҚз§°', 'sys.index.skinName', 'skin-blue', 'Y', 'admin', '2024-09-04 06:22:52', '', NULL, 'и“қиүІ skin-blueгҖҒз»ҝиүІ skin-greenгҖҒзҙ«иүІ skin-purpleгҖҒзәўиүІ skin-redгҖҒй»„иүІ skin-yellow', 0, NULL);
INSERT INTO `sys_config` VALUES (2, 'з”ЁжҲ·з®ЎзҗҶ-иҙҰеҸ·еҲқе§ӢеҜҶз Ғ', 'sys.user.initPassword', '123456', 'Y', 'admin', '2024-09-04 06:22:52', '', NULL, 'еҲқе§ӢеҢ–еҜҶз Ғ 123456', 0, NULL);
INSERT INTO `sys_config` VALUES (3, 'дё»жЎҶжһ¶йЎө-дҫ§иҫ№ж Ҹдё»йўҳ', 'sys.index.sideTheme', 'theme-dark', 'Y', 'admin', '2024-09-04 06:22:52', '', NULL, 'ж·ұиүІдё»йўҳtheme-darkпјҢжө…иүІдё»йўҳtheme-light', 0, NULL);
INSERT INTO `sys_config` VALUES (4, 'иҙҰеҸ·иҮӘеҠ©-йӘҢиҜҒз ҒејҖе…і', 'sys.account.captchaEnabled', 'false', 'Y', 'admin', '2024-09-04 06:22:52', 'admin', '2025-10-25 19:57:24', 'жҳҜеҗҰејҖеҗҜйӘҢиҜҒз ҒеҠҹиғҪпјҲtrueејҖеҗҜпјҢfalseе…ій—ӯпјү', 0, NULL);
INSERT INTO `sys_config` VALUES (5, 'иҙҰеҸ·иҮӘеҠ©-жҳҜеҗҰејҖеҗҜз”ЁжҲ·жіЁеҶҢеҠҹиғҪ', 'sys.account.registerUser', 'true', 'Y', 'admin', '2024-09-04 06:22:52', 'admin', '2025-10-25 21:01:28', 'жҳҜеҗҰејҖеҗҜжіЁеҶҢз”ЁжҲ·еҠҹиғҪпјҲtrueејҖеҗҜпјҢfalseе…ій—ӯпјү', 0, NULL);
INSERT INTO `sys_config` VALUES (6, 'з”ЁжҲ·зҷ»еҪ•-й»‘еҗҚеҚ•еҲ—иЎЁ', 'sys.login.blackIPList', '', 'Y', 'admin', '2024-09-04 06:22:52', '', NULL, 'и®ҫзҪ®зҷ»еҪ•IPй»‘еҗҚеҚ•йҷҗеҲ¶пјҢеӨҡдёӘеҢ№й…ҚйЎ№д»Ҙ;еҲҶйҡ”пјҢж”ҜжҢҒеҢ№й…ҚпјҲ*йҖҡй…ҚгҖҒзҪ‘ж®өпјү', 0, NULL);

-- ----------------------------
-- Table structure for sys_dept
-- ----------------------------
DROP TABLE IF EXISTS `sys_dept`;
CREATE TABLE `sys_dept`  (
  `dept_id` bigint NOT NULL AUTO_INCREMENT COMMENT 'йғЁй—Ёid',
  `parent_id` bigint NULL DEFAULT 0 COMMENT 'зҲ¶йғЁй—Ёid',
  `ancestors` varchar(50) CHARACTER SET utf8mb4 COLLATE utf8mb4_general_ci NULL DEFAULT '' COMMENT 'зҘ–зә§еҲ—иЎЁ',
  `dept_name` varchar(30) CHARACTER SET utf8mb4 COLLATE utf8mb4_general_ci NULL DEFAULT '' COMMENT 'йғЁй—ЁеҗҚз§°',
  `order_num` int NULL DEFAULT 0 COMMENT 'жҳҫзӨәйЎәеәҸ',
  `leader` varchar(20) CHARACTER SET utf8mb4 COLLATE utf8mb4_general_ci NULL DEFAULT NULL COMMENT 'иҙҹиҙЈдәә',
  `phone` varchar(11) CHARACTER SET utf8mb4 COLLATE utf8mb4_general_ci NULL DEFAULT NULL COMMENT 'иҒ”зі»з”өиҜқ',
  `email` varchar(50) CHARACTER SET utf8mb4 COLLATE utf8mb4_general_ci NULL DEFAULT NULL COMMENT 'йӮ®з®ұ',
  `status` char(1) CHARACTER SET utf8mb4 COLLATE utf8mb4_general_ci NULL DEFAULT '0' COMMENT 'йғЁй—ЁзҠ¶жҖҒпјҲ0жӯЈеёё 1еҒңз”Ёпјү',
  `del_flag` char(1) CHARACTER SET utf8mb4 COLLATE utf8mb4_general_ci NULL DEFAULT '0' COMMENT 'еҲ йҷӨж Үеҝ—пјҲ0д»ЈиЎЁеӯҳеңЁ 2д»ЈиЎЁеҲ йҷӨпјү',
  `create_by` varchar(64) CHARACTER SET utf8mb4 COLLATE utf8mb4_general_ci NULL DEFAULT '' COMMENT 'еҲӣе»әиҖ…',
  `create_time` datetime NULL DEFAULT NULL COMMENT 'еҲӣе»әж—¶й—ҙ',
  `update_by` varchar(64) CHARACTER SET utf8mb4 COLLATE utf8mb4_general_ci NULL DEFAULT '' COMMENT 'жӣҙж–°иҖ…',
  `update_time` datetime NULL DEFAULT NULL COMMENT 'жӣҙж–°ж—¶й—ҙ',
  PRIMARY KEY (`dept_id`) USING BTREE
) ENGINE = InnoDB AUTO_INCREMENT = 200 CHARACTER SET = utf8mb4 COLLATE = utf8mb4_general_ci COMMENT = 'йғЁй—ЁиЎЁ' ROW_FORMAT = DYNAMIC;

-- ----------------------------
-- Records of sys_dept
-- ----------------------------
INSERT INTO `sys_dept` VALUES (100, 0, '0', 'CQUET', 0, 'CQUET', '15888888888', 'XX@qq.com', '0', '0', 'admin', '2024-09-04 06:22:51', '', NULL);
INSERT INTO `sys_dept` VALUES (101, 100, '0,100', 'ж·ұеңіжҖ»е…¬еҸё', 1, 'CQUET', '15888888888', 'XX@qq.com', '0', '0', 'admin', '2024-09-04 06:22:51', '', NULL);
INSERT INTO `sys_dept` VALUES (102, 100, '0,100', 'й•ҝжІҷеҲҶе…¬еҸё', 2, 'CQUET', '15888888888', 'XX@qq.com', '0', '0', 'admin', '2024-09-04 06:22:51', '', NULL);
INSERT INTO `sys_dept` VALUES (103, 101, '0,100,101', 'з ”еҸ‘йғЁй—Ё', 1, 'CQUET', '15888888888', 'XX@qq.com', '0', '0', 'admin', '2024-09-04 06:22:51', '', NULL);
INSERT INTO `sys_dept` VALUES (104, 101, '0,100,101', 'еёӮеңәйғЁй—Ё', 2, 'CQUET', '15888888888', 'XX@qq.com', '0', '0', 'admin', '2024-09-04 06:22:51', '', NULL);
INSERT INTO `sys_dept` VALUES (105, 101, '0,100,101', 'жөӢиҜ•йғЁй—Ё', 3, 'CQUET', '15888888888', 'XX@qq.com', '0', '0', 'admin', '2024-09-04 06:22:51', '', NULL);
INSERT INTO `sys_dept` VALUES (106, 101, '0,100,101', 'иҙўеҠЎйғЁй—Ё', 4, 'CQUET', '15888888888', 'XX@qq.com', '0', '0', 'admin', '2024-09-04 06:22:51', '', NULL);
INSERT INTO `sys_dept` VALUES (107, 101, '0,100,101', 'иҝҗз»ҙйғЁй—Ё', 5, 'CQUET', '15888888888', 'XX@qq.com', '0', '0', 'admin', '2024-09-04 06:22:51', '', NULL);
INSERT INTO `sys_dept` VALUES (108, 102, '0,100,102', 'еёӮеңәйғЁй—Ё', 1, 'CQUET', '15888888888', 'XX@qq.com', '0', '0', 'admin', '2024-09-04 06:22:51', '', NULL);
INSERT INTO `sys_dept` VALUES (109, 102, '0,100,102', 'иҙўеҠЎйғЁй—Ё', 2, 'CQUET', '15888888888', 'XX@qq.com', '0', '0', 'admin', '2024-09-04 06:22:51', '', NULL);

-- ----------------------------
-- Table structure for sys_dict_data
-- ----------------------------
DROP TABLE IF EXISTS `sys_dict_data`;
CREATE TABLE `sys_dict_data`  (
  `dict_code` bigint NOT NULL AUTO_INCREMENT COMMENT 'еӯ—е…ёзј–з Ғ',
  `dict_sort` int NULL DEFAULT 0 COMMENT 'еӯ—е…ёжҺ’еәҸ',
  `dict_label` varchar(100) CHARACTER SET utf8mb4 COLLATE utf8mb4_general_ci NULL DEFAULT '' COMMENT 'еӯ—е…ёж Үзӯҫ',
  `dict_value` varchar(100) CHARACTER SET utf8mb4 COLLATE utf8mb4_general_ci NULL DEFAULT '' COMMENT 'еӯ—е…ёй”®еҖј',
  `dict_type` varchar(100) CHARACTER SET utf8mb4 COLLATE utf8mb4_general_ci NULL DEFAULT '' COMMENT 'еӯ—е…ёзұ»еһӢ',
  `css_class` varchar(100) CHARACTER SET utf8mb4 COLLATE utf8mb4_general_ci NULL DEFAULT NULL COMMENT 'ж ·ејҸеұһжҖ§пјҲе…¶д»–ж ·ејҸжү©еұ•пјү',
  `list_class` varchar(100) CHARACTER SET utf8mb4 COLLATE utf8mb4_general_ci NULL DEFAULT NULL COMMENT 'иЎЁж јеӣһжҳҫж ·ејҸ',
  `is_default` char(1) CHARACTER SET utf8mb4 COLLATE utf8mb4_general_ci NULL DEFAULT 'N' COMMENT 'жҳҜеҗҰй»ҳи®ӨпјҲYжҳҜ NеҗҰпјү',
  `status` char(1) CHARACTER SET utf8mb4 COLLATE utf8mb4_general_ci NULL DEFAULT '0' COMMENT 'зҠ¶жҖҒпјҲ0жӯЈеёё 1еҒңз”Ёпјү',
  `create_by` varchar(64) CHARACTER SET utf8mb4 COLLATE utf8mb4_general_ci NULL DEFAULT '' COMMENT 'еҲӣе»әиҖ…',
  `create_time` datetime NULL DEFAULT NULL COMMENT 'еҲӣе»әж—¶й—ҙ',
  `update_by` varchar(64) CHARACTER SET utf8mb4 COLLATE utf8mb4_general_ci NULL DEFAULT '' COMMENT 'жӣҙж–°иҖ…',
  `update_time` datetime NULL DEFAULT NULL COMMENT 'жӣҙж–°ж—¶й—ҙ',
  `remark` varchar(500) CHARACTER SET utf8mb4 COLLATE utf8mb4_general_ci NULL DEFAULT NULL COMMENT 'еӨҮжіЁ',
  PRIMARY KEY (`dict_code`) USING BTREE
) ENGINE = InnoDB AUTO_INCREMENT = 100 CHARACTER SET = utf8mb4 COLLATE = utf8mb4_general_ci COMMENT = 'еӯ—е…ёж•°жҚ®иЎЁ' ROW_FORMAT = DYNAMIC;

-- ----------------------------
-- Records of sys_dict_data
-- ----------------------------
INSERT INTO `sys_dict_data` VALUES (1, 1, 'з”·', '0', 'sys_user_sex', '', '', 'Y', '0', 'admin', '2024-09-04 06:22:52', '', NULL, 'жҖ§еҲ«з”·');
INSERT INTO `sys_dict_data` VALUES (2, 2, 'еҘі', '1', 'sys_user_sex', '', '', 'N', '0', 'admin', '2024-09-04 06:22:52', '', NULL, 'жҖ§еҲ«еҘі');
INSERT INTO `sys_dict_data` VALUES (3, 3, 'жңӘзҹҘ', '2', 'sys_user_sex', '', '', 'N', '0', 'admin', '2024-09-04 06:22:52', '', NULL, 'жҖ§еҲ«жңӘзҹҘ');
INSERT INTO `sys_dict_data` VALUES (4, 1, 'жҳҫзӨә', '0', 'sys_show_hide', '', 'primary', 'Y', '0', 'admin', '2024-09-04 06:22:52', '', NULL, 'жҳҫзӨәиҸңеҚ•');
INSERT INTO `sys_dict_data` VALUES (5, 2, 'йҡҗи—Ҹ', '1', 'sys_show_hide', '', 'danger', 'N', '0', 'admin', '2024-09-04 06:22:52', '', NULL, 'йҡҗи—ҸиҸңеҚ•');
INSERT INTO `sys_dict_data` VALUES (6, 1, 'жӯЈеёё', '0', 'sys_normal_disable', '', 'primary', 'Y', '0', 'admin', '2024-09-04 06:22:52', '', NULL, 'жӯЈеёёзҠ¶жҖҒ');
INSERT INTO `sys_dict_data` VALUES (7, 2, 'еҒңз”Ё', '1', 'sys_normal_disable', '', 'danger', 'N', '0', 'admin', '2024-09-04 06:22:52', '', NULL, 'еҒңз”ЁзҠ¶жҖҒ');
INSERT INTO `sys_dict_data` VALUES (8, 1, 'жӯЈеёё', '0', 'sys_job_status', '', 'primary', 'Y', '0', 'admin', '2024-09-04 06:22:52', '', NULL, 'жӯЈеёёзҠ¶жҖҒ');
INSERT INTO `sys_dict_data` VALUES (9, 2, 'жҡӮеҒң', '1', 'sys_job_status', '', 'danger', 'N', '0', 'admin', '2024-09-04 06:22:52', '', NULL, 'еҒңз”ЁзҠ¶жҖҒ');
INSERT INTO `sys_dict_data` VALUES (10, 1, 'й»ҳи®Ө', 'DEFAULT', 'sys_job_group', '', '', 'Y', '0', 'admin', '2024-09-04 06:22:52', '', NULL, 'й»ҳи®ӨеҲҶз»„');
INSERT INTO `sys_dict_data` VALUES (11, 2, 'зі»з»ҹ', 'SYSTEM', 'sys_job_group', '', '', 'N', '0', 'admin', '2024-09-04 06:22:52', '', NULL, 'зі»з»ҹеҲҶз»„');
INSERT INTO `sys_dict_data` VALUES (12, 1, 'жҳҜ', 'Y', 'sys_yes_no', '', 'primary', 'Y', '0', 'admin', '2024-09-04 06:22:52', '', NULL, 'зі»з»ҹй»ҳи®ӨжҳҜ');
INSERT INTO `sys_dict_data` VALUES (13, 2, 'еҗҰ', 'N', 'sys_yes_no', '', 'danger', 'N', '0', 'admin', '2024-09-04 06:22:52', '', NULL, 'зі»з»ҹй»ҳи®ӨеҗҰ');
INSERT INTO `sys_dict_data` VALUES (14, 1, 'йҖҡзҹҘ', '1', 'sys_notice_type', '', 'warning', 'Y', '0', 'admin', '2024-09-04 06:22:52', '', NULL, 'йҖҡзҹҘ');
INSERT INTO `sys_dict_data` VALUES (15, 2, 'е…¬е‘Ҡ', '2', 'sys_notice_type', '', 'success', 'N', '0', 'admin', '2024-09-04 06:22:52', '', NULL, 'е…¬е‘Ҡ');
INSERT INTO `sys_dict_data` VALUES (16, 1, 'жӯЈеёё', '0', 'sys_notice_status', '', 'primary', 'Y', '0', 'admin', '2024-09-04 06:22:52', '', NULL, 'жӯЈеёёзҠ¶жҖҒ');
INSERT INTO `sys_dict_data` VALUES (17, 2, 'е…ій—ӯ', '1', 'sys_notice_status', '', 'danger', 'N', '0', 'admin', '2024-09-04 06:22:52', '', NULL, 'е…ій—ӯзҠ¶жҖҒ');
INSERT INTO `sys_dict_data` VALUES (18, 99, 'е…¶д»–', '0', 'sys_oper_type', '', 'info', 'N', '0', 'admin', '2024-09-04 06:22:52', '', NULL, 'е…¶д»–ж“ҚдҪң');
INSERT INTO `sys_dict_data` VALUES (19, 1, 'ж–°еўһ', '1', 'sys_oper_type', '', 'info', 'N', '0', 'admin', '2024-09-04 06:22:52', '', NULL, 'ж–°еўһж“ҚдҪң');
INSERT INTO `sys_dict_data` VALUES (20, 2, 'дҝ®ж”№', '2', 'sys_oper_type', '', 'info', 'N', '0', 'admin', '2024-09-04 06:22:52', '', NULL, 'дҝ®ж”№ж“ҚдҪң');
INSERT INTO `sys_dict_data` VALUES (21, 3, 'еҲ йҷӨ', '3', 'sys_oper_type', '', 'danger', 'N', '0', 'admin', '2024-09-04 06:22:52', '', NULL, 'еҲ йҷӨж“ҚдҪң');
INSERT INTO `sys_dict_data` VALUES (22, 4, 'жҺҲжқғ', '4', 'sys_oper_type', '', 'primary', 'N', '0', 'admin', '2024-09-04 06:22:52', '', NULL, 'жҺҲжқғж“ҚдҪң');
INSERT INTO `sys_dict_data` VALUES (23, 5, 'еҜјеҮә', '5', 'sys_oper_type', '', 'warning', 'N', '0', 'admin', '2024-09-04 06:22:52', '', NULL, 'еҜјеҮәж“ҚдҪң');
INSERT INTO `sys_dict_data` VALUES (24, 6, 'еҜје…Ҙ', '6', 'sys_oper_type', '', 'warning', 'N', '0', 'admin', '2024-09-04 06:22:52', '', NULL, 'еҜје…Ҙж“ҚдҪң');
INSERT INTO `sys_dict_data` VALUES (25, 7, 'ејәйҖҖ', '7', 'sys_oper_type', '', 'danger', 'N', '0', 'admin', '2024-09-04 06:22:52', '', NULL, 'ејәйҖҖж“ҚдҪң');
INSERT INTO `sys_dict_data` VALUES (26, 8, 'з”ҹжҲҗд»Јз Ғ', '8', 'sys_oper_type', '', 'warning', 'N', '0', 'admin', '2024-09-04 06:22:52', '', NULL, 'з”ҹжҲҗж“ҚдҪң');
INSERT INTO `sys_dict_data` VALUES (27, 9, 'жё…з©әж•°жҚ®', '9', 'sys_oper_type', '', 'danger', 'N', '0', 'admin', '2024-09-04 06:22:52', '', NULL, 'жё…з©әж“ҚдҪң');
INSERT INTO `sys_dict_data` VALUES (28, 1, 'жҲҗеҠҹ', '0', 'sys_common_status', '', 'primary', 'N', '0', 'admin', '2024-09-04 06:22:52', '', NULL, 'жӯЈеёёзҠ¶жҖҒ');
INSERT INTO `sys_dict_data` VALUES (29, 2, 'еӨұиҙҘ', '1', 'sys_common_status', '', 'danger', 'N', '0', 'admin', '2024-09-04 06:22:52', '', NULL, 'еҒңз”ЁзҠ¶жҖҒ');

-- ----------------------------
-- Table structure for sys_dict_type
-- ----------------------------
DROP TABLE IF EXISTS `sys_dict_type`;
CREATE TABLE `sys_dict_type`  (
  `dict_id` bigint NOT NULL AUTO_INCREMENT COMMENT 'еӯ—е…ёдё»й”®',
  `dict_name` varchar(100) CHARACTER SET utf8mb4 COLLATE utf8mb4_general_ci NULL DEFAULT '' COMMENT 'еӯ—е…ёеҗҚз§°',
  `dict_type` varchar(100) CHARACTER SET utf8mb4 COLLATE utf8mb4_general_ci NULL DEFAULT '' COMMENT 'еӯ—е…ёзұ»еһӢ',
  `status` char(1) CHARACTER SET utf8mb4 COLLATE utf8mb4_general_ci NULL DEFAULT '0' COMMENT 'зҠ¶жҖҒпјҲ0жӯЈеёё 1еҒңз”Ёпјү',
  `create_by` varchar(64) CHARACTER SET utf8mb4 COLLATE utf8mb4_general_ci NULL DEFAULT '' COMMENT 'еҲӣе»әиҖ…',
  `create_time` datetime NULL DEFAULT NULL COMMENT 'еҲӣе»әж—¶й—ҙ',
  `update_by` varchar(64) CHARACTER SET utf8mb4 COLLATE utf8mb4_general_ci NULL DEFAULT '' COMMENT 'жӣҙж–°иҖ…',
  `update_time` datetime NULL DEFAULT NULL COMMENT 'жӣҙж–°ж—¶й—ҙ',
  `remark` varchar(500) CHARACTER SET utf8mb4 COLLATE utf8mb4_general_ci NULL DEFAULT NULL COMMENT 'еӨҮжіЁ',
  PRIMARY KEY (`dict_id`) USING BTREE,
  UNIQUE INDEX `dict_type`(`dict_type` ASC) USING BTREE
) ENGINE = InnoDB AUTO_INCREMENT = 100 CHARACTER SET = utf8mb4 COLLATE = utf8mb4_general_ci COMMENT = 'еӯ—е…ёзұ»еһӢиЎЁ' ROW_FORMAT = DYNAMIC;

-- ----------------------------
-- Records of sys_dict_type
-- ----------------------------
INSERT INTO `sys_dict_type` VALUES (1, 'з”ЁжҲ·жҖ§еҲ«', 'sys_user_sex', '0', 'admin', '2024-09-04 06:22:52', '', NULL, 'з”ЁжҲ·жҖ§еҲ«еҲ—иЎЁ');
INSERT INTO `sys_dict_type` VALUES (2, 'иҸңеҚ•зҠ¶жҖҒ', 'sys_show_hide', '0', 'admin', '2024-09-04 06:22:52', '', NULL, 'иҸңеҚ•зҠ¶жҖҒеҲ—иЎЁ');
INSERT INTO `sys_dict_type` VALUES (3, 'зі»з»ҹејҖе…і', 'sys_normal_disable', '0', 'admin', '2024-09-04 06:22:52', '', NULL, 'зі»з»ҹејҖе…іеҲ—иЎЁ');
INSERT INTO `sys_dict_type` VALUES (4, 'д»»еҠЎзҠ¶жҖҒ', 'sys_job_status', '0', 'admin', '2024-09-04 06:22:52', '', NULL, 'д»»еҠЎзҠ¶жҖҒеҲ—иЎЁ');
INSERT INTO `sys_dict_type` VALUES (5, 'д»»еҠЎеҲҶз»„', 'sys_job_group', '0', 'admin', '2024-09-04 06:22:52', '', NULL, 'д»»еҠЎеҲҶз»„еҲ—иЎЁ');
INSERT INTO `sys_dict_type` VALUES (6, 'зі»з»ҹжҳҜеҗҰ', 'sys_yes_no', '0', 'admin', '2024-09-04 06:22:52', '', NULL, 'зі»з»ҹжҳҜеҗҰеҲ—иЎЁ');
INSERT INTO `sys_dict_type` VALUES (7, 'йҖҡзҹҘзұ»еһӢ', 'sys_notice_type', '0', 'admin', '2024-09-04 06:22:52', '', NULL, 'йҖҡзҹҘзұ»еһӢеҲ—иЎЁ');
INSERT INTO `sys_dict_type` VALUES (8, 'йҖҡзҹҘзҠ¶жҖҒ', 'sys_notice_status', '0', 'admin', '2024-09-04 06:22:52', '', NULL, 'йҖҡзҹҘзҠ¶жҖҒеҲ—иЎЁ');
INSERT INTO `sys_dict_type` VALUES (9, 'ж“ҚдҪңзұ»еһӢ', 'sys_oper_type', '0', 'admin', '2024-09-04 06:22:52', '', NULL, 'ж“ҚдҪңзұ»еһӢеҲ—иЎЁ');
INSERT INTO `sys_dict_type` VALUES (10, 'зі»з»ҹзҠ¶жҖҒ', 'sys_common_status', '0', 'admin', '2024-09-04 06:22:52', '', NULL, 'зҷ»еҪ•зҠ¶жҖҒеҲ—иЎЁ');

-- ----------------------------
-- Table structure for sys_job
-- ----------------------------
DROP TABLE IF EXISTS `sys_job`;
CREATE TABLE `sys_job`  (
  `job_id` bigint NOT NULL AUTO_INCREMENT COMMENT 'д»»еҠЎID',
  `job_name` varchar(64) CHARACTER SET utf8mb4 COLLATE utf8mb4_general_ci NOT NULL DEFAULT '' COMMENT 'д»»еҠЎеҗҚз§°',
  `job_group` varchar(64) CHARACTER SET utf8mb4 COLLATE utf8mb4_general_ci NOT NULL DEFAULT 'DEFAULT' COMMENT 'д»»еҠЎз»„еҗҚ',
  `invoke_target` varchar(500) CHARACTER SET utf8mb4 COLLATE utf8mb4_general_ci NOT NULL COMMENT 'и°ғз”Ёзӣ®ж Үеӯ—з¬ҰдёІ',
  `cron_expression` varchar(255) CHARACTER SET utf8mb4 COLLATE utf8mb4_general_ci NULL DEFAULT '' COMMENT 'cronжү§иЎҢиЎЁиҫҫејҸ',
  `misfire_policy` varchar(20) CHARACTER SET utf8mb4 COLLATE utf8mb4_general_ci NULL DEFAULT '3' COMMENT 'и®ЎеҲ’жү§иЎҢй”ҷиҜҜзӯ–з•ҘпјҲ1з«ӢеҚіжү§иЎҢ 2жү§иЎҢдёҖж¬Ў 3ж”ҫејғжү§иЎҢпјү',
  `concurrent` char(1) CHARACTER SET utf8mb4 COLLATE utf8mb4_general_ci NULL DEFAULT '1' COMMENT 'жҳҜеҗҰе№¶еҸ‘жү§иЎҢпјҲ0е…Ғи®ё 1зҰҒжӯўпјү',
  `status` char(1) CHARACTER SET utf8mb4 COLLATE utf8mb4_general_ci NULL DEFAULT '0' COMMENT 'зҠ¶жҖҒпјҲ0жӯЈеёё 1жҡӮеҒңпјү',
  `create_by` varchar(64) CHARACTER SET utf8mb4 COLLATE utf8mb4_general_ci NULL DEFAULT '' COMMENT 'еҲӣе»әиҖ…',
  `create_time` datetime NULL DEFAULT NULL COMMENT 'еҲӣе»әж—¶й—ҙ',
  `update_by` varchar(64) CHARACTER SET utf8mb4 COLLATE utf8mb4_general_ci NULL DEFAULT '' COMMENT 'жӣҙж–°иҖ…',
  `update_time` datetime NULL DEFAULT NULL COMMENT 'жӣҙж–°ж—¶й—ҙ',
  `remark` varchar(500) CHARACTER SET utf8mb4 COLLATE utf8mb4_general_ci NULL DEFAULT '' COMMENT 'еӨҮжіЁдҝЎжҒҜ',
  PRIMARY KEY (`job_id`, `job_name`, `job_group`) USING BTREE
) ENGINE = InnoDB AUTO_INCREMENT = 100 CHARACTER SET = utf8mb4 COLLATE = utf8mb4_general_ci COMMENT = 'е®ҡж—¶д»»еҠЎи°ғеәҰиЎЁ' ROW_FORMAT = DYNAMIC;

-- ----------------------------
-- Records of sys_job
-- ----------------------------

-- ----------------------------
-- Table structure for sys_job_log
-- ----------------------------
DROP TABLE IF EXISTS `sys_job_log`;
CREATE TABLE `sys_job_log`  (
  `job_log_id` bigint NOT NULL AUTO_INCREMENT COMMENT 'д»»еҠЎж—Ҙеҝ—ID',
  `job_name` varchar(64) CHARACTER SET utf8mb4 COLLATE utf8mb4_general_ci NOT NULL COMMENT 'д»»еҠЎеҗҚз§°',
  `job_group` varchar(64) CHARACTER SET utf8mb4 COLLATE utf8mb4_general_ci NOT NULL COMMENT 'д»»еҠЎз»„еҗҚ',
  `invoke_target` varchar(500) CHARACTER SET utf8mb4 COLLATE utf8mb4_general_ci NOT NULL COMMENT 'и°ғз”Ёзӣ®ж Үеӯ—з¬ҰдёІ',
  `job_message` varchar(500) CHARACTER SET utf8mb4 COLLATE utf8mb4_general_ci NULL DEFAULT NULL COMMENT 'ж—Ҙеҝ—дҝЎжҒҜ',
  `status` char(1) CHARACTER SET utf8mb4 COLLATE utf8mb4_general_ci NULL DEFAULT '0' COMMENT 'жү§иЎҢзҠ¶жҖҒпјҲ0жӯЈеёё 1еӨұиҙҘпјү',
  `exception_info` varchar(2000) CHARACTER SET utf8mb4 COLLATE utf8mb4_general_ci NULL DEFAULT '' COMMENT 'ејӮеёёдҝЎжҒҜ',
  `create_time` datetime NULL DEFAULT NULL COMMENT 'еҲӣе»әж—¶й—ҙ',
  `create_by` varchar(64) CHARACTER SET utf8mb4 COLLATE utf8mb4_general_ci NULL DEFAULT NULL,
  PRIMARY KEY (`job_log_id`) USING BTREE
) ENGINE = InnoDB CHARACTER SET = utf8mb4 COLLATE = utf8mb4_general_ci COMMENT = 'е®ҡж—¶д»»еҠЎи°ғеәҰж—Ҙеҝ—иЎЁ' ROW_FORMAT = DYNAMIC;

-- ----------------------------
-- Records of sys_job_log
-- ----------------------------

-- ----------------------------
-- Table structure for sys_logininfor
-- ----------------------------
DROP TABLE IF EXISTS `sys_logininfor`;
CREATE TABLE `sys_logininfor`  (
  `info_id` bigint NOT NULL AUTO_INCREMENT COMMENT 'и®ҝй—®ID',
  `user_name` varchar(50) CHARACTER SET utf8mb4 COLLATE utf8mb4_general_ci NULL DEFAULT '' COMMENT 'з”ЁжҲ·иҙҰеҸ·',
  `ipaddr` varchar(128) CHARACTER SET utf8mb4 COLLATE utf8mb4_general_ci NULL DEFAULT '' COMMENT 'зҷ»еҪ•IPең°еқҖ',
  `login_location` varchar(255) CHARACTER SET utf8mb4 COLLATE utf8mb4_general_ci NULL DEFAULT '' COMMENT 'зҷ»еҪ•ең°зӮ№',
  `browser` varchar(50) CHARACTER SET utf8mb4 COLLATE utf8mb4_general_ci NULL DEFAULT '' COMMENT 'жөҸи§ҲеҷЁзұ»еһӢ',
  `os` varchar(50) CHARACTER SET utf8mb4 COLLATE utf8mb4_general_ci NULL DEFAULT '' COMMENT 'ж“ҚдҪңзі»з»ҹ',
  `status` char(1) CHARACTER SET utf8mb4 COLLATE utf8mb4_general_ci NULL DEFAULT '0' COMMENT 'зҷ»еҪ•зҠ¶жҖҒпјҲ0жҲҗеҠҹ 1еӨұиҙҘпјү',
  `msg` varchar(255) CHARACTER SET utf8mb4 COLLATE utf8mb4_general_ci NULL DEFAULT '' COMMENT 'жҸҗзӨәж¶ҲжҒҜ',
  `login_time` datetime NULL DEFAULT NULL COMMENT 'и®ҝй—®ж—¶й—ҙ',
  `create_time` datetime NULL DEFAULT NULL,
  `del_flag` int NULL DEFAULT NULL,
  `create_by` varchar(64) CHARACTER SET utf8mb4 COLLATE utf8mb4_general_ci NULL DEFAULT NULL,
  PRIMARY KEY (`info_id`) USING BTREE,
  INDEX `idx_sys_logininfor_s`(`status` ASC) USING BTREE,
  INDEX `idx_sys_logininfor_lt`(`login_time` ASC) USING BTREE
) ENGINE = InnoDB AUTO_INCREMENT = 96 CHARACTER SET = utf8mb4 COLLATE = utf8mb4_general_ci COMMENT = 'зі»з»ҹи®ҝй—®и®°еҪ•' ROW_FORMAT = DYNAMIC;

-- ----------------------------
-- Records of sys_logininfor
-- ----------------------------
INSERT INTO `sys_logininfor` VALUES (40, 'admin', '127.0.0.1', 'еҶ…зҪ‘IP', 'Chrome 14', 'Windows 10', '0', 'зҷ»еҪ•жҲҗеҠҹ', '2025-10-27 14:39:41', '2025-10-27 14:39:41', 0, NULL);
INSERT INTO `sys_logininfor` VALUES (41, 'liyuan', '127.0.0.1', 'еҶ…зҪ‘IP', 'Chrome 14', 'Windows 10', '0', 'жіЁеҶҢжҲҗеҠҹ', '2025-10-27 15:12:23', '2025-10-27 15:12:23', 0, NULL);
INSERT INTO `sys_logininfor` VALUES (42, 'admin', '127.0.0.1', 'еҶ…зҪ‘IP', 'Unknown', 'Unknown', '1', 'з”ЁжҲ·дёҚеӯҳеңЁ/еҜҶз Ғй”ҷиҜҜ', '2025-10-27 15:12:54', '2025-10-27 15:12:54', 0, NULL);
INSERT INTO `sys_logininfor` VALUES (43, 'liyuan', '127.0.0.1', 'еҶ…зҪ‘IP', 'Unknown', 'Unknown', '0', 'зҷ»еҪ•жҲҗеҠҹ', '2025-10-27 15:13:01', '2025-10-27 15:13:01', 0, NULL);
INSERT INTO `sys_logininfor` VALUES (44, 'liyuan', '127.0.0.1', 'еҶ…зҪ‘IP', 'Unknown', 'Unknown', '0', 'зҷ»еҪ•жҲҗеҠҹ', '2025-10-27 15:13:26', '2025-10-27 15:13:26', 0, NULL);
INSERT INTO `sys_logininfor` VALUES (45, 'admin', '127.0.0.1', 'еҶ…зҪ‘IP', 'Chrome 14', 'Windows 10', '0', 'зҷ»еҪ•жҲҗеҠҹ', '2025-10-27 15:15:01', '2025-10-27 15:15:01', 0, NULL);
INSERT INTO `sys_logininfor` VALUES (46, 'admin', '127.0.0.1', 'еҶ…зҪ‘IP', 'Chrome 14', 'Windows 10', '0', 'зҷ»еҪ•жҲҗеҠҹ', '2025-10-28 15:59:01', '2025-10-28 15:59:01', 0, NULL);
INSERT INTO `sys_logininfor` VALUES (47, 'admin', '127.0.0.1', 'еҶ…зҪ‘IP', 'Chrome 14', 'Windows 10', '0', 'йҖҖеҮәжҲҗеҠҹ', '2025-10-28 16:16:53', '2025-10-28 16:16:53', 0, NULL);
INSERT INTO `sys_logininfor` VALUES (48, 'admin', '127.0.0.1', 'еҶ…зҪ‘IP', 'Chrome 14', 'Windows 10', '0', 'зҷ»еҪ•жҲҗеҠҹ', '2025-10-28 16:16:55', '2025-10-28 16:16:55', 0, NULL);
INSERT INTO `sys_logininfor` VALUES (49, 'admin', '127.0.0.1', 'еҶ…зҪ‘IP', 'Chrome 14', 'Windows 10', '0', 'зҷ»еҪ•жҲҗеҠҹ', '2025-10-28 19:44:05', '2025-10-28 19:44:05', 0, NULL);
INSERT INTO `sys_logininfor` VALUES (50, 'liyuan', '127.0.0.1', 'еҶ…зҪ‘IP', 'Unknown', 'Unknown', '0', 'зҷ»еҪ•жҲҗеҠҹ', '2025-10-28 19:51:00', '2025-10-28 19:51:00', 0, NULL);
INSERT INTO `sys_logininfor` VALUES (51, 'liyuan', '127.0.0.1', 'еҶ…зҪ‘IP', 'Unknown', 'Unknown', '0', 'зҷ»еҪ•жҲҗеҠҹ', '2025-10-29 10:31:22', '2025-10-29 10:31:22', 0, NULL);
INSERT INTO `sys_logininfor` VALUES (52, 'liyuan', '127.0.0.1', 'еҶ…зҪ‘IP', 'Unknown', 'Unknown', '0', 'зҷ»еҪ•жҲҗеҠҹ', '2025-10-29 10:49:14', '2025-10-29 10:49:14', 0, NULL);
INSERT INTO `sys_logininfor` VALUES (53, 'admin', '127.0.0.1', 'еҶ…зҪ‘IP', 'Chrome 13', 'Windows 10', '0', 'зҷ»еҪ•жҲҗеҠҹ', '2025-11-02 18:51:16', '2025-11-02 18:51:16', 0, NULL);
INSERT INTO `sys_logininfor` VALUES (54, 'admin', '127.0.0.1', 'еҶ…зҪ‘IP', 'Chrome 13', 'Windows 10', '0', 'зҷ»еҪ•жҲҗеҠҹ', '2025-11-03 10:37:01', '2025-11-03 10:37:01', 0, NULL);
INSERT INTO `sys_logininfor` VALUES (55, 'admin', '127.0.0.1', 'еҶ…зҪ‘IP', 'Chrome 13', 'Windows 10', '0', 'зҷ»еҪ•жҲҗеҠҹ', '2025-11-03 14:21:59', '2025-11-03 14:21:59', 0, NULL);
INSERT INTO `sys_logininfor` VALUES (56, 'admin', '127.0.0.1', 'еҶ…зҪ‘IP', 'Chrome 13', 'Windows 10', '0', 'зҷ»еҪ•жҲҗеҠҹ', '2025-11-04 16:24:13', '2025-11-04 16:24:13', 0, NULL);
INSERT INTO `sys_logininfor` VALUES (57, 'admin', '127.0.0.1', 'еҶ…зҪ‘IP', 'Chrome 13', 'Windows 10', '0', 'зҷ»еҪ•жҲҗеҠҹ', '2025-11-09 21:37:49', '2025-11-09 21:37:49', 0, NULL);
INSERT INTO `sys_logininfor` VALUES (58, 'admin', '127.0.0.1', 'еҶ…зҪ‘IP', 'Mozilla', 'Windows 10', '0', 'зҷ»еҪ•жҲҗеҠҹ', '2025-11-09 22:08:55', '2025-11-09 22:08:55', 0, NULL);
INSERT INTO `sys_logininfor` VALUES (59, 'liyuan', '127.0.0.1', 'еҶ…зҪ‘IP', 'Unknown', 'Unknown', '0', 'зҷ»еҪ•жҲҗеҠҹ', '2025-11-09 22:13:24', '2025-11-09 22:13:24', 0, NULL);
INSERT INTO `sys_logininfor` VALUES (60, 'admin', '127.0.0.1', 'еҶ…зҪ‘IP', 'Chrome 14', 'Windows 10', '0', 'зҷ»еҪ•жҲҗеҠҹ', '2025-11-10 14:00:09', '2025-11-10 14:00:09', 0, NULL);
INSERT INTO `sys_logininfor` VALUES (61, 'liyuan', '127.0.0.1', 'еҶ…зҪ‘IP', 'Unknown', 'Unknown', '0', 'зҷ»еҪ•жҲҗеҠҹ', '2025-11-10 15:23:26', '2025-11-10 15:23:26', 0, NULL);
INSERT INTO `sys_logininfor` VALUES (62, 'admin', '127.0.0.1', 'еҶ…зҪ‘IP', 'Chrome 14', 'Windows 10', '0', 'зҷ»еҪ•жҲҗеҠҹ', '2025-11-11 16:10:52', '2025-11-11 16:10:52', 0, NULL);
INSERT INTO `sys_logininfor` VALUES (63, 'liyuan', '127.0.0.1', 'еҶ…зҪ‘IP', 'Unknown', 'Unknown', '0', 'зҷ»еҪ•жҲҗеҠҹ', '2025-11-11 18:28:09', '2025-11-11 18:28:09', 0, NULL);
INSERT INTO `sys_logininfor` VALUES (64, 'liyuan', '127.0.0.1', 'еҶ…зҪ‘IP', 'Unknown', 'Unknown', '0', 'зҷ»еҪ•жҲҗеҠҹ', '2025-11-11 19:45:08', '2025-11-11 19:45:08', 0, NULL);
INSERT INTO `sys_logininfor` VALUES (65, 'liyuan', '127.0.0.1', 'еҶ…зҪ‘IP', 'Unknown', 'Unknown', '0', 'зҷ»еҪ•жҲҗеҠҹ', '2025-11-11 19:54:56', '2025-11-11 19:54:56', 0, NULL);
INSERT INTO `sys_logininfor` VALUES (66, 'liyuan', '127.0.0.1', 'еҶ…зҪ‘IP', 'Unknown', 'Unknown', '0', 'зҷ»еҪ•жҲҗеҠҹ', '2025-11-12 10:53:19', '2025-11-12 10:53:19', 0, NULL);
INSERT INTO `sys_logininfor` VALUES (67, 'liyuan', '127.0.0.1', 'еҶ…зҪ‘IP', 'Unknown', 'Unknown', '0', 'зҷ»еҪ•жҲҗеҠҹ', '2025-11-12 10:56:35', '2025-11-12 10:56:35', 0, NULL);
INSERT INTO `sys_logininfor` VALUES (68, 'admin', '127.0.0.1', 'еҶ…зҪ‘IP', 'Chrome 14', 'Windows 10', '0', 'зҷ»еҪ•жҲҗеҠҹ', '2025-11-12 11:37:32', '2025-11-12 11:37:32', 0, NULL);
INSERT INTO `sys_logininfor` VALUES (69, 'admin', '127.0.0.1', 'еҶ…зҪ‘IP', 'Chrome 14', 'Windows 10', '0', 'зҷ»еҪ•жҲҗеҠҹ', '2025-11-12 11:37:57', '2025-11-12 11:37:57', 0, NULL);
INSERT INTO `sys_logininfor` VALUES (70, 'liyuan', '127.0.0.1', 'еҶ…зҪ‘IP', 'Unknown', 'Unknown', '0', 'зҷ»еҪ•жҲҗеҠҹ', '2025-11-14 17:03:38', '2025-11-14 17:03:38', 0, NULL);
INSERT INTO `sys_logininfor` VALUES (71, 'admin', '127.0.0.1', 'еҶ…зҪ‘IP', 'Chrome 14', 'Windows 10', '1', 'з”ЁжҲ·дёҚеӯҳеңЁ/еҜҶз Ғй”ҷиҜҜ', '2025-11-14 17:04:19', '2025-11-14 17:04:19', 0, NULL);
INSERT INTO `sys_logininfor` VALUES (72, 'admin', '127.0.0.1', 'еҶ…зҪ‘IP', 'Chrome 14', 'Windows 10', '1', 'з”ЁжҲ·дёҚеӯҳеңЁ/еҜҶз Ғй”ҷиҜҜ', '2025-11-14 17:04:25', '2025-11-14 17:04:25', 0, NULL);
INSERT INTO `sys_logininfor` VALUES (73, 'admin', '127.0.0.1', 'еҶ…зҪ‘IP', 'Chrome 14', 'Windows 10', '0', 'зҷ»еҪ•жҲҗеҠҹ', '2025-11-14 17:05:48', '2025-11-14 17:05:48', 0, NULL);
INSERT INTO `sys_logininfor` VALUES (74, 'admin', '127.0.0.1', 'еҶ…зҪ‘IP', 'Unknown', 'Unknown', '0', 'зҷ»еҪ•жҲҗеҠҹ', '2025-11-14 17:06:08', '2025-11-14 17:06:08', 0, NULL);
INSERT INTO `sys_logininfor` VALUES (75, 'admin', '127.0.0.1', 'еҶ…зҪ‘IP', 'Chrome 14', 'Windows 10', '0', 'зҷ»еҪ•жҲҗеҠҹ', '2025-11-14 17:56:29', '2025-11-14 17:56:29', 0, NULL);
INSERT INTO `sys_logininfor` VALUES (76, 'admin', '127.0.0.1', 'еҶ…зҪ‘IP', 'Unknown', 'Unknown', '0', 'зҷ»еҪ•жҲҗеҠҹ', '2025-11-14 18:08:00', '2025-11-14 18:08:00', 0, NULL);
INSERT INTO `sys_logininfor` VALUES (77, 'admin', '127.0.0.1', 'еҶ…зҪ‘IP', 'Chrome 14', 'Windows 10', '0', 'зҷ»еҪ•жҲҗеҠҹ', '2025-11-14 22:01:46', '2025-11-14 22:01:46', 0, NULL);
INSERT INTO `sys_logininfor` VALUES (78, 'admin', '127.0.0.1', 'еҶ…зҪ‘IP', 'Unknown', 'Unknown', '0', 'зҷ»еҪ•жҲҗеҠҹ', '2025-11-14 22:30:34', '2025-11-14 22:30:34', 0, NULL);
INSERT INTO `sys_logininfor` VALUES (79, 'admin', '127.0.0.1', 'еҶ…зҪ‘IP', 'Unknown', 'Unknown', '0', 'зҷ»еҪ•жҲҗеҠҹ', '2025-11-14 23:21:01', '2025-11-14 23:21:01', 0, NULL);
INSERT INTO `sys_logininfor` VALUES (80, 'admin', '127.0.0.1', 'еҶ…зҪ‘IP', 'Unknown', 'Unknown', '0', 'зҷ»еҪ•жҲҗеҠҹ', '2025-11-14 23:57:49', '2025-11-14 23:57:49', 0, NULL);
INSERT INTO `sys_logininfor` VALUES (81, 'admin', '127.0.0.1', 'еҶ…зҪ‘IP', 'Unknown', 'Unknown', '0', 'зҷ»еҪ•жҲҗеҠҹ', '2025-11-15 16:18:29', '2025-11-15 16:18:29', 0, NULL);
INSERT INTO `sys_logininfor` VALUES (82, 'admin', '127.0.0.1', 'еҶ…зҪ‘IP', 'Chrome 14', 'Windows 10', '0', 'зҷ»еҪ•жҲҗеҠҹ', '2025-11-15 16:25:33', '2025-11-15 16:25:33', 0, NULL);
INSERT INTO `sys_logininfor` VALUES (83, 'admin', '127.0.0.1', 'еҶ…зҪ‘IP', 'Unknown', 'Unknown', '0', 'зҷ»еҪ•жҲҗеҠҹ', '2025-11-15 16:27:40', '2025-11-15 16:27:40', 0, NULL);
INSERT INTO `sys_logininfor` VALUES (84, 'admin', '127.0.0.1', 'еҶ…зҪ‘IP', 'Unknown', 'Unknown', '0', 'зҷ»еҪ•жҲҗеҠҹ', '2025-11-15 17:29:32', '2025-11-15 17:29:32', 0, NULL);
INSERT INTO `sys_logininfor` VALUES (85, 'admin', '127.0.0.1', 'еҶ…зҪ‘IP', 'Unknown', 'Unknown', '0', 'зҷ»еҪ•жҲҗеҠҹ', '2025-11-15 17:32:32', '2025-11-15 17:32:32', 0, NULL);
INSERT INTO `sys_logininfor` VALUES (86, 'admin', '127.0.0.1', 'еҶ…зҪ‘IP', 'Unknown', 'Unknown', '0', 'зҷ»еҪ•жҲҗеҠҹ', '2025-11-15 17:43:39', '2025-11-15 17:43:39', 0, NULL);
INSERT INTO `sys_logininfor` VALUES (87, 'admin', '127.0.0.1', 'еҶ…зҪ‘IP', 'Unknown', 'Unknown', '0', 'зҷ»еҪ•жҲҗеҠҹ', '2025-11-15 18:11:54', '2025-11-15 18:11:54', 0, NULL);
INSERT INTO `sys_logininfor` VALUES (88, 'admin', '127.0.0.1', 'еҶ…зҪ‘IP', 'Chrome 13', 'Windows 10', '0', 'зҷ»еҪ•жҲҗеҠҹ', '2025-11-16 23:35:10', '2025-11-16 23:35:10', 0, NULL);
INSERT INTO `sys_logininfor` VALUES (89, 'admin', '127.0.0.1', 'еҶ…зҪ‘IP', 'Chrome 13', 'Windows 10', '0', 'зҷ»еҪ•жҲҗеҠҹ', '2025-11-16 23:43:42', '2025-11-16 23:43:42', 0, NULL);
INSERT INTO `sys_logininfor` VALUES (90, 'admin', '127.0.0.1', 'еҶ…зҪ‘IP', 'Chrome 13', 'Windows 10', '0', 'зҷ»еҪ•жҲҗеҠҹ', '2025-11-16 23:55:27', '2025-11-16 23:55:27', 0, NULL);
INSERT INTO `sys_logininfor` VALUES (91, 'admin', '127.0.0.1', 'еҶ…зҪ‘IP', 'Chrome 13', 'Windows 10', '0', 'зҷ»еҪ•жҲҗеҠҹ', '2025-11-17 15:01:31', '2025-11-17 15:01:31', 0, NULL);
INSERT INTO `sys_logininfor` VALUES (92, 'admin', '127.0.0.1', 'еҶ…зҪ‘IP', 'Chrome 13', 'Windows 10', '0', 'зҷ»еҪ•жҲҗеҠҹ', '2025-11-17 15:28:22', '2025-11-17 15:28:22', 0, NULL);
INSERT INTO `sys_logininfor` VALUES (93, 'admin', '127.0.0.1', 'еҶ…зҪ‘IP', 'Chrome 13', 'Windows 10', '0', 'зҷ»еҪ•жҲҗеҠҹ', '2025-11-17 16:06:31', '2025-11-17 16:06:31', 0, NULL);
INSERT INTO `sys_logininfor` VALUES (94, 'admin', '127.0.0.1', 'еҶ…зҪ‘IP', 'Chrome 13', 'Windows 10', '0', 'зҷ»еҪ•жҲҗеҠҹ', '2025-11-18 15:30:13', '2025-11-18 15:30:13', 0, NULL);
INSERT INTO `sys_logininfor` VALUES (95, 'admin', '127.0.0.1', 'еҶ…зҪ‘IP', 'Chrome 13', 'Windows 10', '0', 'зҷ»еҪ•жҲҗеҠҹ', '2025-11-18 18:01:24', '2025-11-18 18:01:24', 0, NULL);

-- ----------------------------
-- Table structure for sys_menu
-- ----------------------------
DROP TABLE IF EXISTS `sys_menu`;
CREATE TABLE `sys_menu`  (
  `menu_id` bigint NOT NULL AUTO_INCREMENT COMMENT 'иҸңеҚ•ID',
  `menu_name` varchar(50) CHARACTER SET utf8mb4 COLLATE utf8mb4_general_ci NOT NULL COMMENT 'иҸңеҚ•еҗҚз§°',
  `parent_id` bigint NULL DEFAULT 0 COMMENT 'зҲ¶иҸңеҚ•ID',
  `order_num` int NULL DEFAULT 0 COMMENT 'жҳҫзӨәйЎәеәҸ',
  `path` varchar(200) CHARACTER SET utf8mb4 COLLATE utf8mb4_general_ci NULL DEFAULT '' COMMENT 'и·Ҝз”ұең°еқҖ',
  `component` varchar(255) CHARACTER SET utf8mb4 COLLATE utf8mb4_general_ci NULL DEFAULT NULL COMMENT 'з»„д»¶и·Ҝеҫ„',
  `query` varchar(255) CHARACTER SET utf8mb4 COLLATE utf8mb4_general_ci NULL DEFAULT NULL COMMENT 'и·Ҝз”ұеҸӮж•°',
  `route_name` varchar(50) CHARACTER SET utf8mb4 COLLATE utf8mb4_general_ci NULL DEFAULT '' COMMENT 'и·Ҝз”ұеҗҚз§°',
  `is_frame` int NULL DEFAULT 1 COMMENT 'жҳҜеҗҰдёәеӨ–й“ҫпјҲ0жҳҜ 1еҗҰпјү',
  `is_cache` int NULL DEFAULT 0 COMMENT 'жҳҜеҗҰзј“еӯҳпјҲ0зј“еӯҳ 1дёҚзј“еӯҳпјү',
  `menu_type` char(1) CHARACTER SET utf8mb4 COLLATE utf8mb4_general_ci NULL DEFAULT '' COMMENT 'иҸңеҚ•зұ»еһӢпјҲMзӣ®еҪ• CиҸңеҚ• FжҢүй’®пјү',
  `visible` char(1) CHARACTER SET utf8mb4 COLLATE utf8mb4_general_ci NULL DEFAULT '0' COMMENT 'иҸңеҚ•зҠ¶жҖҒпјҲ0жҳҫзӨә 1йҡҗи—Ҹпјү',
  `status` char(1) CHARACTER SET utf8mb4 COLLATE utf8mb4_general_ci NULL DEFAULT '0' COMMENT 'иҸңеҚ•зҠ¶жҖҒпјҲ0жӯЈеёё 1еҒңз”Ёпјү',
  `perms` varchar(100) CHARACTER SET utf8mb4 COLLATE utf8mb4_general_ci NULL DEFAULT NULL COMMENT 'жқғйҷҗж ҮиҜҶ',
  `icon` varchar(100) CHARACTER SET utf8mb4 COLLATE utf8mb4_general_ci NULL DEFAULT '#' COMMENT 'иҸңеҚ•еӣҫж Ү',
  `create_by` varchar(64) CHARACTER SET utf8mb4 COLLATE utf8mb4_general_ci NULL DEFAULT '' COMMENT 'еҲӣе»әиҖ…',
  `create_time` datetime NULL DEFAULT NULL COMMENT 'еҲӣе»әж—¶й—ҙ',
  `update_by` varchar(64) CHARACTER SET utf8mb4 COLLATE utf8mb4_general_ci NULL DEFAULT '' COMMENT 'жӣҙж–°иҖ…',
  `update_time` datetime NULL DEFAULT NULL COMMENT 'жӣҙж–°ж—¶й—ҙ',
  `remark` varchar(500) CHARACTER SET utf8mb4 COLLATE utf8mb4_general_ci NULL DEFAULT '' COMMENT 'еӨҮжіЁ',
  `del_flag` int NULL DEFAULT NULL,
  PRIMARY KEY (`menu_id`) USING BTREE
) ENGINE = InnoDB AUTO_INCREMENT = 2080 CHARACTER SET = utf8mb4 COLLATE = utf8mb4_general_ci COMMENT = 'иҸңеҚ•жқғйҷҗиЎЁ' ROW_FORMAT = DYNAMIC;

-- ----------------------------
-- Records of sys_menu
-- ----------------------------
INSERT INTO `sys_menu` VALUES (1, 'зі»з»ҹз®ЎзҗҶ', 0, 2, 'system', NULL, '', '', 1, 0, 'M', '0', '0', '', 'system', 'admin', '2024-09-04 06:22:51', '', NULL, 'зі»з»ҹз®ЎзҗҶзӣ®еҪ•', 0);
INSERT INTO `sys_menu` VALUES (2, 'зі»з»ҹзӣ‘жҺ§', 0, 3, 'monitor', NULL, '', '', 1, 0, 'M', '0', '0', '', 'monitor', 'admin', '2024-09-04 06:22:51', '', NULL, 'зі»з»ҹзӣ‘жҺ§зӣ®еҪ•', 0);
INSERT INTO `sys_menu` VALUES (3, 'зі»з»ҹе·Ҙе…·', 0, 4, 'tool', NULL, '', '', 1, 0, 'M', '0', '0', '', 'tool', 'admin', '2024-09-04 06:22:51', '', NULL, 'зі»з»ҹе·Ҙе…·зӣ®еҪ•', 0);
INSERT INTO `sys_menu` VALUES (100, 'з”ЁжҲ·з®ЎзҗҶ', 1, 1, 'user', 'system/user/index', '', '', 1, 0, 'C', '0', '0', 'system:user:list', 'user', 'admin', '2024-09-04 06:22:51', '', NULL, 'з”ЁжҲ·з®ЎзҗҶиҸңеҚ•', 0);
INSERT INTO `sys_menu` VALUES (101, 'и§’иүІз®ЎзҗҶ', 1, 2, 'role', 'system/role/index', '', '', 1, 0, 'C', '0', '0', 'system:role:list', 'peoples', 'admin', '2024-09-04 06:22:51', '', NULL, 'и§’иүІз®ЎзҗҶиҸңеҚ•', 0);
INSERT INTO `sys_menu` VALUES (102, 'иҸңеҚ•з®ЎзҗҶ', 1, 3, 'menu', 'system/menu/index', '', '', 1, 0, 'C', '0', '0', 'system:menu:list', 'tree-table', 'admin', '2024-09-04 06:22:51', '', NULL, 'иҸңеҚ•з®ЎзҗҶиҸңеҚ•', 0);
INSERT INTO `sys_menu` VALUES (103, 'йғЁй—Ёз®ЎзҗҶ', 1, 4, 'dept', 'system/dept/index', '', '', 1, 0, 'C', '0', '0', 'system:dept:list', 'tree', 'admin', '2024-09-04 06:22:51', '', NULL, 'йғЁй—Ёз®ЎзҗҶиҸңеҚ•', 0);
INSERT INTO `sys_menu` VALUES (104, 'еІ—дҪҚз®ЎзҗҶ', 1, 5, 'post', 'system/post/index', '', '', 1, 0, 'C', '0', '0', 'system:post:list', 'post', 'admin', '2024-09-04 06:22:51', '', NULL, 'еІ—дҪҚз®ЎзҗҶиҸңеҚ•', 0);
INSERT INTO `sys_menu` VALUES (105, 'еӯ—е…ёз®ЎзҗҶ', 1, 6, 'dict', 'system/dict/index', '', '', 1, 0, 'C', '0', '0', 'system:dict:list', 'dict', 'admin', '2024-09-04 06:22:51', '', NULL, 'еӯ—е…ёз®ЎзҗҶиҸңеҚ•', 0);
INSERT INTO `sys_menu` VALUES (106, 'еҸӮж•°и®ҫзҪ®', 1, 7, 'config', 'system/config/index', '', '', 1, 0, 'C', '0', '0', 'system:config:list', 'edit', 'admin', '2024-09-04 06:22:51', '', NULL, 'еҸӮж•°и®ҫзҪ®иҸңеҚ•', 0);
INSERT INTO `sys_menu` VALUES (107, 'йҖҡзҹҘе…¬е‘Ҡ', 1, 8, 'notice', 'system/notice/index', '', '', 1, 0, 'C', '0', '0', 'system:notice:list', 'message', 'admin', '2024-09-04 06:22:51', '', NULL, 'йҖҡзҹҘе…¬е‘ҠиҸңеҚ•', 0);
INSERT INTO `sys_menu` VALUES (108, 'ж—Ҙеҝ—з®ЎзҗҶ', 1, 9, 'log', '', '', '', 1, 0, 'M', '0', '0', '', 'log', 'admin', '2024-09-04 06:22:51', '', NULL, 'ж—Ҙеҝ—з®ЎзҗҶиҸңеҚ•', 0);
INSERT INTO `sys_menu` VALUES (109, 'еңЁзәҝз”ЁжҲ·', 2, 1, 'online', 'monitor/online/index', '', '', 1, 0, 'C', '0', '0', 'monitor:online:list', 'online', 'admin', '2024-09-04 06:22:51', '', NULL, 'еңЁзәҝз”ЁжҲ·иҸңеҚ•', 0);
INSERT INTO `sys_menu` VALUES (111, 'ж•°жҚ®зӣ‘жҺ§', 2, 3, 'druid', 'monitor/druid/index', '', '', 1, 0, 'C', '0', '0', 'monitor:druid:list', 'druid', 'admin', '2024-09-04 06:22:51', '', NULL, 'ж•°жҚ®зӣ‘жҺ§иҸңеҚ•', 0);
INSERT INTO `sys_menu` VALUES (112, 'жңҚеҠЎзӣ‘жҺ§', 2, 4, 'server', 'monitor/server/index', '', '', 1, 0, 'C', '0', '0', 'monitor:server:list', 'server', 'admin', '2024-09-04 06:22:51', '', NULL, 'жңҚеҠЎзӣ‘жҺ§иҸңеҚ•', 0);
INSERT INTO `sys_menu` VALUES (113, 'зј“еӯҳзӣ‘жҺ§', 2, 5, 'cache', 'monitor/cache/index', '', '', 1, 0, 'C', '0', '0', 'monitor:cache:list', 'redis', 'admin', '2024-09-04 06:22:51', '', NULL, 'зј“еӯҳзӣ‘жҺ§иҸңеҚ•', 0);
INSERT INTO `sys_menu` VALUES (114, 'зј“еӯҳеҲ—иЎЁ', 2, 6, 'cacheList', 'monitor/cache/list', '', '', 1, 0, 'C', '0', '0', 'monitor:cache:list', 'redis-list', 'admin', '2024-09-04 06:22:51', '', NULL, 'зј“еӯҳеҲ—иЎЁиҸңеҚ•', 0);
INSERT INTO `sys_menu` VALUES (115, 'иЎЁеҚ•жһ„е»ә', 3, 1, 'build', 'tool/build/index', '', '', 1, 0, 'C', '0', '0', 'tool:build:list', 'build', 'admin', '2024-09-04 06:22:51', '', NULL, 'иЎЁеҚ•жһ„е»әиҸңеҚ•', 0);
INSERT INTO `sys_menu` VALUES (116, 'д»Јз Ғз”ҹжҲҗ', 3, 2, 'gen', 'tool/gen/index', '', '', 1, 0, 'C', '0', '0', 'tool:gen:list', 'code', 'admin', '2024-09-04 06:22:51', '', NULL, 'д»Јз Ғз”ҹжҲҗиҸңеҚ•', 0);
INSERT INTO `sys_menu` VALUES (117, 'зі»з»ҹжҺҘеҸЈ', 3, 3, 'swagger', 'tool/swagger/index', '', '', 1, 0, 'C', '0', '0', 'tool:swagger:list', 'swagger', 'admin', '2024-09-04 06:22:51', '', NULL, 'зі»з»ҹжҺҘеҸЈиҸңеҚ•', 0);
INSERT INTO `sys_menu` VALUES (500, 'ж“ҚдҪңж—Ҙеҝ—', 108, 1, 'operlog', 'monitor/operlog/index', '', '', 1, 0, 'C', '0', '0', 'monitor:operlog:list', 'form', 'admin', '2024-09-04 06:22:51', '', NULL, 'ж“ҚдҪңж—Ҙеҝ—иҸңеҚ•', 0);
INSERT INTO `sys_menu` VALUES (501, 'зҷ»еҪ•ж—Ҙеҝ—', 108, 2, 'logininfor', 'monitor/logininfor/index', '', '', 1, 0, 'C', '0', '0', 'monitor:logininfor:list', 'logininfor', 'admin', '2024-09-04 06:22:51', '', NULL, 'зҷ»еҪ•ж—Ҙеҝ—иҸңеҚ•', 0);
INSERT INTO `sys_menu` VALUES (1000, 'з”ЁжҲ·жҹҘиҜў', 100, 1, '', '', '', '', 1, 0, 'F', '0', '0', 'system:user:query', '#', 'admin', '2024-09-04 06:22:51', '', NULL, '', 0);
INSERT INTO `sys_menu` VALUES (1001, 'з”ЁжҲ·ж–°еўһ', 100, 2, '', '', '', '', 1, 0, 'F', '0', '0', 'system:user:add', '#', 'admin', '2024-09-04 06:22:51', '', NULL, '', 0);
INSERT INTO `sys_menu` VALUES (1002, 'з”ЁжҲ·дҝ®ж”№', 100, 3, '', '', '', '', 1, 0, 'F', '0', '0', 'system:user:edit', '#', 'admin', '2024-09-04 06:22:51', '', NULL, '', 0);
INSERT INTO `sys_menu` VALUES (1003, 'з”ЁжҲ·еҲ йҷӨ', 100, 4, '', '', '', '', 1, 0, 'F', '0', '0', 'system:user:remove', '#', 'admin', '2024-09-04 06:22:51', '', NULL, '', 0);
INSERT INTO `sys_menu` VALUES (1004, 'з”ЁжҲ·еҜјеҮә', 100, 5, '', '', '', '', 1, 0, 'F', '0', '0', 'system:user:export', '#', 'admin', '2024-09-04 06:22:51', '', NULL, '', 0);
INSERT INTO `sys_menu` VALUES (1005, 'з”ЁжҲ·еҜје…Ҙ', 100, 6, '', '', '', '', 1, 0, 'F', '0', '0', 'system:user:import', '#', 'admin', '2024-09-04 06:22:51', '', NULL, '', 0);
INSERT INTO `sys_menu` VALUES (1006, 'йҮҚзҪ®еҜҶз Ғ', 100, 7, '', '', '', '', 1, 0, 'F', '0', '0', 'system:user:resetPwd', '#', 'admin', '2024-09-04 06:22:51', '', NULL, '', 0);
INSERT INTO `sys_menu` VALUES (1007, 'и§’иүІжҹҘиҜў', 101, 1, '', '', '', '', 1, 0, 'F', '0', '0', 'system:role:query', '#', 'admin', '2024-09-04 06:22:51', '', NULL, '', 0);
INSERT INTO `sys_menu` VALUES (1008, 'и§’иүІж–°еўһ', 101, 2, '', '', '', '', 1, 0, 'F', '0', '0', 'system:role:add', '#', 'admin', '2024-09-04 06:22:51', '', NULL, '', 0);
INSERT INTO `sys_menu` VALUES (1009, 'и§’иүІдҝ®ж”№', 101, 3, '', '', '', '', 1, 0, 'F', '0', '0', 'system:role:edit', '#', 'admin', '2024-09-04 06:22:51', '', NULL, '', 0);
INSERT INTO `sys_menu` VALUES (1010, 'и§’иүІеҲ йҷӨ', 101, 4, '', '', '', '', 1, 0, 'F', '0', '0', 'system:role:remove', '#', 'admin', '2024-09-04 06:22:51', '', NULL, '', 0);
INSERT INTO `sys_menu` VALUES (1011, 'и§’иүІеҜјеҮә', 101, 5, '', '', '', '', 1, 0, 'F', '0', '0', 'system:role:export', '#', 'admin', '2024-09-04 06:22:51', '', NULL, '', 0);
INSERT INTO `sys_menu` VALUES (1012, 'иҸңеҚ•жҹҘиҜў', 102, 1, '', '', '', '', 1, 0, 'F', '0', '0', 'system:menu:query', '#', 'admin', '2024-09-04 06:22:51', '', NULL, '', 0);
INSERT INTO `sys_menu` VALUES (1013, 'иҸңеҚ•ж–°еўһ', 102, 2, '', '', '', '', 1, 0, 'F', '0', '0', 'system:menu:add', '#', 'admin', '2024-09-04 06:22:51', '', NULL, '', 0);
INSERT INTO `sys_menu` VALUES (1014, 'иҸңеҚ•дҝ®ж”№', 102, 3, '', '', '', '', 1, 0, 'F', '0', '0', 'system:menu:edit', '#', 'admin', '2024-09-04 06:22:51', '', NULL, '', 0);
INSERT INTO `sys_menu` VALUES (1015, 'иҸңеҚ•еҲ йҷӨ', 102, 4, '', '', '', '', 1, 0, 'F', '0', '0', 'system:menu:remove', '#', 'admin', '2024-09-04 06:22:51', '', NULL, '', 0);
INSERT INTO `sys_menu` VALUES (1016, 'йғЁй—ЁжҹҘиҜў', 103, 1, '', '', '', '', 1, 0, 'F', '0', '0', 'system:dept:query', '#', 'admin', '2024-09-04 06:22:51', '', NULL, '', 0);
INSERT INTO `sys_menu` VALUES (1017, 'йғЁй—Ёж–°еўһ', 103, 2, '', '', '', '', 1, 0, 'F', '0', '0', 'system:dept:add', '#', 'admin', '2024-09-04 06:22:51', '', NULL, '', 0);
INSERT INTO `sys_menu` VALUES (1018, 'йғЁй—Ёдҝ®ж”№', 103, 3, '', '', '', '', 1, 0, 'F', '0', '0', 'system:dept:edit', '#', 'admin', '2024-09-04 06:22:51', '', NULL, '', 0);
INSERT INTO `sys_menu` VALUES (1019, 'йғЁй—ЁеҲ йҷӨ', 103, 4, '', '', '', '', 1, 0, 'F', '0', '0', 'system:dept:remove', '#', 'admin', '2024-09-04 06:22:51', '', NULL, '', 0);
INSERT INTO `sys_menu` VALUES (1020, 'еІ—дҪҚжҹҘиҜў', 104, 1, '', '', '', '', 1, 0, 'F', '0', '0', 'system:post:query', '#', 'admin', '2024-09-04 06:22:51', '', NULL, '', 0);
INSERT INTO `sys_menu` VALUES (1021, 'еІ—дҪҚж–°еўһ', 104, 2, '', '', '', '', 1, 0, 'F', '0', '0', 'system:post:add', '#', 'admin', '2024-09-04 06:22:51', '', NULL, '', 0);
INSERT INTO `sys_menu` VALUES (1022, 'еІ—дҪҚдҝ®ж”№', 104, 3, '', '', '', '', 1, 0, 'F', '0', '0', 'system:post:edit', '#', 'admin', '2024-09-04 06:22:51', '', NULL, '', 0);
INSERT INTO `sys_menu` VALUES (1023, 'еІ—дҪҚеҲ йҷӨ', 104, 4, '', '', '', '', 1, 0, 'F', '0', '0', 'system:post:remove', '#', 'admin', '2024-09-04 06:22:51', '', NULL, '', 0);
INSERT INTO `sys_menu` VALUES (1024, 'еІ—дҪҚеҜјеҮә', 104, 5, '', '', '', '', 1, 0, 'F', '0', '0', 'system:post:export', '#', 'admin', '2024-09-04 06:22:51', '', NULL, '', 0);
INSERT INTO `sys_menu` VALUES (1025, 'еӯ—е…ёжҹҘиҜў', 105, 1, '#', '', '', '', 1, 0, 'F', '0', '0', 'system:dict:query', '#', 'admin', '2024-09-04 06:22:51', '', NULL, '', 0);
INSERT INTO `sys_menu` VALUES (1026, 'еӯ—е…ёж–°еўһ', 105, 2, '#', '', '', '', 1, 0, 'F', '0', '0', 'system:dict:add', '#', 'admin', '2024-09-04 06:22:51', '', NULL, '', 0);
INSERT INTO `sys_menu` VALUES (1027, 'еӯ—е…ёдҝ®ж”№', 105, 3, '#', '', '', '', 1, 0, 'F', '0', '0', 'system:dict:edit', '#', 'admin', '2024-09-04 06:22:51', '', NULL, '', 0);
INSERT INTO `sys_menu` VALUES (1028, 'еӯ—е…ёеҲ йҷӨ', 105, 4, '#', '', '', '', 1, 0, 'F', '0', '0', 'system:dict:remove', '#', 'admin', '2024-09-04 06:22:51', '', NULL, '', 0);
INSERT INTO `sys_menu` VALUES (1029, 'еӯ—е…ёеҜјеҮә', 105, 5, '#', '', '', '', 1, 0, 'F', '0', '0', 'system:dict:export', '#', 'admin', '2024-09-04 06:22:51', '', NULL, '', 0);
INSERT INTO `sys_menu` VALUES (1030, 'еҸӮж•°жҹҘиҜў', 106, 1, '#', '', '', '', 1, 0, 'F', '0', '0', 'system:config:query', '#', 'admin', '2024-09-04 06:22:51', '', NULL, '', 0);
INSERT INTO `sys_menu` VALUES (1031, 'еҸӮж•°ж–°еўһ', 106, 2, '#', '', '', '', 1, 0, 'F', '0', '0', 'system:config:add', '#', 'admin', '2024-09-04 06:22:51', '', NULL, '', 0);
INSERT INTO `sys_menu` VALUES (1032, 'еҸӮж•°дҝ®ж”№', 106, 3, '#', '', '', '', 1, 0, 'F', '0', '0', 'system:config:edit', '#', 'admin', '2024-09-04 06:22:51', '', NULL, '', 0);
INSERT INTO `sys_menu` VALUES (1033, 'еҸӮж•°еҲ йҷӨ', 106, 4, '#', '', '', '', 1, 0, 'F', '0', '0', 'system:config:remove', '#', 'admin', '2024-09-04 06:22:51', '', NULL, '', 0);
INSERT INTO `sys_menu` VALUES (1034, 'еҸӮж•°еҜјеҮә', 106, 5, '#', '', '', '', 1, 0, 'F', '0', '0', 'system:config:export', '#', 'admin', '2024-09-04 06:22:51', '', NULL, '', 0);
INSERT INTO `sys_menu` VALUES (1035, 'е…¬е‘ҠжҹҘиҜў', 107, 1, '#', '', '', '', 1, 0, 'F', '0', '0', 'system:notice:query', '#', 'admin', '2024-09-04 06:22:51', '', NULL, '', 0);
INSERT INTO `sys_menu` VALUES (1036, 'е…¬е‘Ҡж–°еўһ', 107, 2, '#', '', '', '', 1, 0, 'F', '0', '0', 'system:notice:add', '#', 'admin', '2024-09-04 06:22:51', '', NULL, '', 0);
INSERT INTO `sys_menu` VALUES (1037, 'е…¬е‘Ҡдҝ®ж”№', 107, 3, '#', '', '', '', 1, 0, 'F', '0', '0', 'system:notice:edit', '#', 'admin', '2024-09-04 06:22:51', '', NULL, '', 0);
INSERT INTO `sys_menu` VALUES (1038, 'е…¬е‘ҠеҲ йҷӨ', 107, 4, '#', '', '', '', 1, 0, 'F', '0', '0', 'system:notice:remove', '#', 'admin', '2024-09-04 06:22:51', '', NULL, '', 0);
INSERT INTO `sys_menu` VALUES (1039, 'ж“ҚдҪңжҹҘиҜў', 500, 1, '#', '', '', '', 1, 0, 'F', '0', '0', 'monitor:operlog:query', '#', 'admin', '2024-09-04 06:22:51', '', NULL, '', 0);
INSERT INTO `sys_menu` VALUES (1040, 'ж“ҚдҪңеҲ йҷӨ', 500, 2, '#', '', '', '', 1, 0, 'F', '0', '0', 'monitor:operlog:remove', '#', 'admin', '2024-09-04 06:22:51', '', NULL, '', 0);
INSERT INTO `sys_menu` VALUES (1041, 'ж—Ҙеҝ—еҜјеҮә', 500, 3, '#', '', '', '', 1, 0, 'F', '0', '0', 'monitor:operlog:export', '#', 'admin', '2024-09-04 06:22:51', '', NULL, '', 0);
INSERT INTO `sys_menu` VALUES (1042, 'зҷ»еҪ•жҹҘиҜў', 501, 1, '#', '', '', '', 1, 0, 'F', '0', '0', 'monitor:logininfor:query', '#', 'admin', '2024-09-04 06:22:51', '', NULL, '', 0);
INSERT INTO `sys_menu` VALUES (1043, 'зҷ»еҪ•еҲ йҷӨ', 501, 2, '#', '', '', '', 1, 0, 'F', '0', '0', 'monitor:logininfor:remove', '#', 'admin', '2024-09-04 06:22:51', '', NULL, '', 0);
INSERT INTO `sys_menu` VALUES (1044, 'ж—Ҙеҝ—еҜјеҮә', 501, 3, '#', '', '', '', 1, 0, 'F', '0', '0', 'monitor:logininfor:export', '#', 'admin', '2024-09-04 06:22:51', '', NULL, '', 0);
INSERT INTO `sys_menu` VALUES (1045, 'иҙҰжҲ·и§Јй”Ғ', 501, 4, '#', '', '', '', 1, 0, 'F', '0', '0', 'monitor:logininfor:unlock', '#', 'admin', '2024-09-04 06:22:51', '', NULL, '', 0);
INSERT INTO `sys_menu` VALUES (1046, 'еңЁзәҝжҹҘиҜў', 109, 1, '#', '', '', '', 1, 0, 'F', '0', '0', 'monitor:online:query', '#', 'admin', '2024-09-04 06:22:51', '', NULL, '', 0);
INSERT INTO `sys_menu` VALUES (1047, 'жү№йҮҸејәйҖҖ', 109, 2, '#', '', '', '', 1, 0, 'F', '0', '0', 'monitor:online:batchLogout', '#', 'admin', '2024-09-04 06:22:51', '', NULL, '', 0);
INSERT INTO `sys_menu` VALUES (1048, 'еҚ•жқЎејәйҖҖ', 109, 3, '#', '', '', '', 1, 0, 'F', '0', '0', 'monitor:online:forceLogout', '#', 'admin', '2024-09-04 06:22:51', '', NULL, '', 0);
INSERT INTO `sys_menu` VALUES (1055, 'з”ҹжҲҗжҹҘиҜў', 116, 1, '#', '', '', '', 1, 0, 'F', '0', '0', 'tool:gen:query', '#', 'admin', '2024-09-04 06:22:51', '', NULL, '', 0);
INSERT INTO `sys_menu` VALUES (1056, 'з”ҹжҲҗдҝ®ж”№', 116, 2, '#', '', '', '', 1, 0, 'F', '0', '0', 'tool:gen:edit', '#', 'admin', '2024-09-04 06:22:51', '', NULL, '', 0);
INSERT INTO `sys_menu` VALUES (1057, 'з”ҹжҲҗеҲ йҷӨ', 116, 3, '#', '', '', '', 1, 0, 'F', '0', '0', 'tool:gen:remove', '#', 'admin', '2024-09-04 06:22:51', '', NULL, '', 0);
INSERT INTO `sys_menu` VALUES (1058, 'еҜје…Ҙд»Јз Ғ', 116, 4, '#', '', '', '', 1, 0, 'F', '0', '0', 'tool:gen:import', '#', 'admin', '2024-09-04 06:22:51', '', NULL, '', 0);
INSERT INTO `sys_menu` VALUES (1059, 'йў„и§Ҳд»Јз Ғ', 116, 5, '#', '', '', '', 1, 0, 'F', '0', '0', 'tool:gen:preview', '#', 'admin', '2024-09-04 06:22:51', '', NULL, '', 0);
INSERT INTO `sys_menu` VALUES (1060, 'з”ҹжҲҗд»Јз Ғ', 116, 6, '#', '', '', '', 1, 0, 'F', '0', '0', 'tool:gen:code', '#', 'admin', '2024-09-04 06:22:51', '', NULL, '', 0);
INSERT INTO `sys_menu` VALUES (2072, 'ж–Үж—…з®ЎзҗҶ', 0, 5, 'tourism', NULL, NULL, '', 1, 0, 'M', '0', '0', NULL, 'online', 'admin', '2025-11-03 14:22:53', 'admin', '2025-11-03 14:23:03', '', 0);
INSERT INTO `sys_menu` VALUES (2073, 'ж–°й—»з®ЎзҗҶ', 2072, 1, 'news', 'tourism/news/index', '', '', 1, 0, 'C', '0', '0', 'tourism:news:list', 'date-range', 'admin', '2025-11-03 14:24:01', 'admin', '2025-11-18 18:49:34', '', 0);
INSERT INTO `sys_menu` VALUES (2074, 'ж—…жёёжҷҜзӮ№', 2072, 1, 'scenicSpot', 'tourism/scenicSpot/index', NULL, '', 1, 0, 'C', '0', '0', 'tourism:scenicSpot:list', 'guide', 'admin', '2025-11-10 14:01:25', 'admin', '2025-11-18 18:50:28', '', 0);
INSERT INTO `sys_menu` VALUES (2075, 'еңәйҰҶз®ЎзҗҶ', 2072, 3, 'venue', 'tourism/venue/index', NULL, '', 1, 0, 'C', '0', '0', 'tourism:venue:activity:list', 'tree', 'admin', '2025-11-17 15:30:15', 'admin', '2025-11-18 18:51:04', '', 0);
INSERT INTO `sys_menu` VALUES (2076, 'жҙ»еҠЁз®ЎзҗҶ', 2072, 4, 'activity', 'tourism/activity/index.vue', NULL, '', 1, 0, 'C', '0', '0', 'tourism:activity:list', 'row', 'admin', '2025-11-17 15:42:40', 'admin', '2025-11-18 18:50:05', '', 0);
INSERT INTO `sys_menu` VALUES (2077, 'жҙ»еҠЁе®Ўж ё', 2072, 5, 'activityApplication', 'tourism/activityApplication/index.vue', NULL, '', 1, 0, 'C', '0', '0', 'tourism:activityApplication:list', 'color', 'admin', '2025-11-17 15:43:42', 'admin', '2025-11-17 15:54:42', '', 0);
INSERT INTO `sys_menu` VALUES (2078, 'йҖҡзҹҘз®ЎзҗҶ', 2072, 0, 'notice', 'tourism/notice/index.vue', NULL, '', 1, 0, 'C', '0', '0', 'tourism:notice:list', 'button', 'admin', '2025-11-17 15:45:01', 'admin', '2025-11-18 18:49:29', '', 0);

-- ----------------------------
-- Table structure for sys_notice
-- ----------------------------
DROP TABLE IF EXISTS `sys_notice`;
CREATE TABLE `sys_notice`  (
  `notice_id` int NOT NULL AUTO_INCREMENT COMMENT 'е…¬е‘ҠID',
  `notice_title` varchar(50) CHARACTER SET utf8mb4 COLLATE utf8mb4_general_ci NOT NULL COMMENT 'е…¬е‘Ҡж Үйўҳ',
  `notice_type` char(1) CHARACTER SET utf8mb4 COLLATE utf8mb4_general_ci NOT NULL COMMENT 'е…¬е‘Ҡзұ»еһӢпјҲ1йҖҡзҹҘ 2е…¬е‘Ҡпјү',
  `notice_content` longblob NULL COMMENT 'е…¬е‘ҠеҶ…е®№',
  `status` char(1) CHARACTER SET utf8mb4 COLLATE utf8mb4_general_ci NULL DEFAULT '0' COMMENT 'е…¬е‘ҠзҠ¶жҖҒпјҲ0жӯЈеёё 1е…ій—ӯпјү',
  `create_by` varchar(64) CHARACTER SET utf8mb4 COLLATE utf8mb4_general_ci NULL DEFAULT '' COMMENT 'еҲӣе»әиҖ…',
  `create_time` datetime NULL DEFAULT NULL COMMENT 'еҲӣе»әж—¶й—ҙ',
  `update_by` varchar(64) CHARACTER SET utf8mb4 COLLATE utf8mb4_general_ci NULL DEFAULT '' COMMENT 'жӣҙж–°иҖ…',
  `update_time` datetime NULL DEFAULT NULL COMMENT 'жӣҙж–°ж—¶й—ҙ',
  `remark` varchar(255) CHARACTER SET utf8mb4 COLLATE utf8mb4_general_ci NULL DEFAULT NULL COMMENT 'еӨҮжіЁ',
  `del_flag` int NULL DEFAULT 0,
  PRIMARY KEY (`notice_id`) USING BTREE
) ENGINE = InnoDB AUTO_INCREMENT = 10 CHARACTER SET = utf8mb4 COLLATE = utf8mb4_general_ci COMMENT = 'йҖҡзҹҘе…¬е‘ҠиЎЁ' ROW_FORMAT = DYNAMIC;

-- ----------------------------
-- Records of sys_notice
-- ----------------------------

-- ----------------------------
-- Table structure for sys_oper_log
-- ----------------------------
DROP TABLE IF EXISTS `sys_oper_log`;
CREATE TABLE `sys_oper_log`  (
  `oper_id` bigint NOT NULL AUTO_INCREMENT COMMENT 'ж—Ҙеҝ—дё»й”®',
  `title` varchar(50) CHARACTER SET utf8mb4 COLLATE utf8mb4_general_ci NULL DEFAULT '' COMMENT 'жЁЎеқ—ж Үйўҳ',
  `business_type` int NULL DEFAULT 0 COMMENT 'дёҡеҠЎзұ»еһӢпјҲ0е…¶е®ғ 1ж–°еўһ 2дҝ®ж”№ 3еҲ йҷӨпјү',
  `method` varchar(200) CHARACTER SET utf8mb4 COLLATE utf8mb4_general_ci NULL DEFAULT '' COMMENT 'ж–№жі•еҗҚз§°',
  `request_method` varchar(10) CHARACTER SET utf8mb4 COLLATE utf8mb4_general_ci NULL DEFAULT '' COMMENT 'иҜ·жұӮж–№ејҸ',
  `operator_type` int NULL DEFAULT 0 COMMENT 'ж“ҚдҪңзұ»еҲ«пјҲ0е…¶е®ғ 1еҗҺеҸ°з”ЁжҲ· 2жүӢжңәз«Ҝз”ЁжҲ·пјү',
  `oper_name` varchar(50) CHARACTER SET utf8mb4 COLLATE utf8mb4_general_ci NULL DEFAULT '' COMMENT 'ж“ҚдҪңдәәе‘ҳ',
  `dept_name` varchar(50) CHARACTER SET utf8mb4 COLLATE utf8mb4_general_ci NULL DEFAULT '' COMMENT 'йғЁй—ЁеҗҚз§°',
  `oper_url` varchar(255) CHARACTER SET utf8mb4 COLLATE utf8mb4_general_ci NULL DEFAULT '' COMMENT 'иҜ·жұӮURL',
  `oper_ip` varchar(128) CHARACTER SET utf8mb4 COLLATE utf8mb4_general_ci NULL DEFAULT '' COMMENT 'дё»жңәең°еқҖ',
  `oper_location` varchar(255) CHARACTER SET utf8mb4 COLLATE utf8mb4_general_ci NULL DEFAULT '' COMMENT 'ж“ҚдҪңең°зӮ№',
  `oper_param` varchar(2000) CHARACTER SET utf8mb4 COLLATE utf8mb4_general_ci NULL DEFAULT '' COMMENT 'иҜ·жұӮеҸӮж•°',
  `json_result` varchar(2000) CHARACTER SET utf8mb4 COLLATE utf8mb4_general_ci NULL DEFAULT '' COMMENT 'иҝ”еӣһеҸӮж•°',
  `status` char(1) CHARACTER SET utf8mb4 COLLATE utf8mb4_general_ci NULL DEFAULT '0' COMMENT 'ж“ҚдҪңзҠ¶жҖҒпјҲ0жӯЈеёё 1ејӮеёёпјү',
  `error_msg` varchar(2000) CHARACTER SET utf8mb4 COLLATE utf8mb4_general_ci NULL DEFAULT '' COMMENT 'й”ҷиҜҜж¶ҲжҒҜ',
  `oper_time` datetime NULL DEFAULT NULL COMMENT 'ж“ҚдҪңж—¶й—ҙ',
  `cost_time` bigint NULL DEFAULT 0 COMMENT 'ж¶ҲиҖ—ж—¶й—ҙ',
  `create_time` datetime NULL DEFAULT NULL,
  `del_flag` int NULL DEFAULT NULL,
  `create_by` varchar(64) CHARACTER SET utf8mb4 COLLATE utf8mb4_general_ci NULL DEFAULT NULL,
  PRIMARY KEY (`oper_id`) USING BTREE,
  INDEX `idx_sys_oper_log_bt`(`business_type` ASC) USING BTREE,
  INDEX `idx_sys_oper_log_s`(`status` ASC) USING BTREE,
  INDEX `idx_sys_oper_log_ot`(`oper_time` ASC) USING BTREE
) ENGINE = InnoDB AUTO_INCREMENT = 250 CHARACTER SET = utf8mb4 COLLATE = utf8mb4_general_ci COMMENT = 'ж“ҚдҪңж—Ҙеҝ—и®°еҪ•' ROW_FORMAT = DYNAMIC;

-- ----------------------------
-- Records of sys_oper_log
-- ----------------------------
INSERT INTO `sys_oper_log` VALUES (114, 'иҸңеҚ•з®ЎзҗҶ', 1, 'cn.edu.cquet.web.controller.system.SysMenuController.add()', 'POST', 1, 'admin', 'з ”еҸ‘йғЁй—Ё', '/system/menu', '127.0.0.1', 'еҶ…зҪ‘IP', '{\"children\":[],\"createBy\":\"admin\",\"createTime\":\"2025-11-03 14:22:53\",\"delFlag\":\"0\",\"icon\":\"online\",\"isCache\":\"0\",\"isFrame\":\"1\",\"menuId\":2072,\"menuName\":\"ж–Үж—…з®ЎзҗҶ\",\"menuType\":\"M\",\"orderNum\":4,\"params\":{},\"parentId\":0,\"path\":\"tourism\",\"status\":\"0\",\"visible\":\"0\"}', '{\"msg\":\"ж“ҚдҪңжҲҗеҠҹ\",\"code\":200}', '0', '', NULL, 90, '2025-11-03 14:22:53', 0, NULL);
INSERT INTO `sys_oper_log` VALUES (115, 'иҸңеҚ•з®ЎзҗҶ', 2, 'cn.edu.cquet.web.controller.system.SysMenuController.edit()', 'PUT', 1, 'admin', 'з ”еҸ‘йғЁй—Ё', '/system/menu', '127.0.0.1', 'еҶ…зҪ‘IP', '{\"children\":[],\"createBy\":\"admin\",\"createTime\":\"2025-11-03 14:22:53\",\"delFlag\":\"0\",\"icon\":\"online\",\"isCache\":\"0\",\"isFrame\":\"1\",\"menuId\":2072,\"menuName\":\"ж–Үж—…з®ЎзҗҶ\",\"menuType\":\"M\",\"orderNum\":5,\"params\":{},\"parentId\":0,\"path\":\"tourism\",\"remark\":\"\",\"routeName\":\"\",\"status\":\"0\",\"updateBy\":\"admin\",\"updateTime\":\"2025-11-03 14:23:02\",\"visible\":\"0\"}', '{\"msg\":\"ж“ҚдҪңжҲҗеҠҹ\",\"code\":200}', '0', '', NULL, 50, '2025-11-03 14:23:03', 0, NULL);
INSERT INTO `sys_oper_log` VALUES (116, 'иҸңеҚ•з®ЎзҗҶ', 1, 'cn.edu.cquet.web.controller.system.SysMenuController.add()', 'POST', 1, 'admin', 'з ”еҸ‘йғЁй—Ё', '/system/menu', '127.0.0.1', 'еҶ…зҪ‘IP', '{\"children\":[],\"component\":\"tourism/news/index\",\"createBy\":\"admin\",\"createTime\":\"2025-11-03 14:24:01\",\"delFlag\":\"0\",\"icon\":\"date-range\",\"isCache\":\"0\",\"isFrame\":\"1\",\"menuId\":2073,\"menuName\":\"ж–°й—»з®ЎзҗҶ\",\"menuType\":\"C\",\"orderNum\":0,\"params\":{},\"parentId\":2072,\"path\":\"tourism\",\"query\":\"tourism/news\",\"status\":\"0\",\"visible\":\"0\"}', '{\"msg\":\"ж“ҚдҪңжҲҗеҠҹ\",\"code\":200}', '0', '', NULL, 18, '2025-11-03 14:24:01', 0, NULL);
INSERT INTO `sys_oper_log` VALUES (117, 'иҸңеҚ•з®ЎзҗҶ', 2, 'cn.edu.cquet.web.controller.system.SysMenuController.edit()', 'PUT', 1, 'admin', 'з ”еҸ‘йғЁй—Ё', '/system/menu', '127.0.0.1', 'еҶ…зҪ‘IP', '{\"children\":[],\"component\":\"tourism/news/index\",\"createBy\":\"admin\",\"createTime\":\"2025-11-03 14:24:01\",\"delFlag\":\"0\",\"icon\":\"date-range\",\"isCache\":\"0\",\"isFrame\":\"1\",\"menuId\":2073,\"menuName\":\"ж–°й—»з®ЎзҗҶ\",\"menuType\":\"C\",\"orderNum\":0,\"params\":{},\"parentId\":2072,\"path\":\"tourism\",\"perms\":\"tourism:news:list\",\"query\":\"\",\"remark\":\"\",\"routeName\":\"\",\"status\":\"0\",\"updateBy\":\"admin\",\"updateTime\":\"2025-11-03 14:25:18\",\"visible\":\"0\"}', '{\"msg\":\"ж“ҚдҪңжҲҗеҠҹ\",\"code\":200}', '0', '', NULL, 19, '2025-11-03 14:25:18', 0, NULL);
INSERT INTO `sys_oper_log` VALUES (118, 'иҸңеҚ•з®ЎзҗҶ', 2, 'cn.edu.cquet.web.controller.system.SysMenuController.edit()', 'PUT', 1, 'admin', 'з ”еҸ‘йғЁй—Ё', '/system/menu', '127.0.0.1', 'еҶ…зҪ‘IP', '{\"children\":[],\"component\":\"tourism/news\",\"createBy\":\"admin\",\"createTime\":\"2025-11-03 14:24:01\",\"delFlag\":\"0\",\"icon\":\"date-range\",\"isCache\":\"0\",\"isFrame\":\"1\",\"menuId\":2073,\"menuName\":\"ж–°й—»з®ЎзҗҶ\",\"menuType\":\"C\",\"orderNum\":0,\"params\":{},\"parentId\":2072,\"path\":\"tourism\",\"perms\":\"tourism:news:list\",\"query\":\"\",\"remark\":\"\",\"routeName\":\"\",\"status\":\"0\",\"updateBy\":\"admin\",\"updateTime\":\"2025-11-03 14:27:04\",\"visible\":\"0\"}', '{\"msg\":\"ж“ҚдҪңжҲҗеҠҹ\",\"code\":200}', '0', '', NULL, 242, '2025-11-03 14:27:05', 0, NULL);
INSERT INTO `sys_oper_log` VALUES (119, 'иҸңеҚ•з®ЎзҗҶ', 2, 'cn.edu.cquet.web.controller.system.SysMenuController.edit()', 'PUT', 1, 'admin', 'з ”еҸ‘йғЁй—Ё', '/system/menu', '127.0.0.1', 'еҶ…зҪ‘IP', '{\"children\":[],\"component\":\"tourism/news/index\",\"createBy\":\"admin\",\"createTime\":\"2025-11-03 14:24:01\",\"delFlag\":\"0\",\"icon\":\"date-range\",\"isCache\":\"0\",\"isFrame\":\"1\",\"menuId\":2073,\"menuName\":\"ж–°й—»з®ЎзҗҶ\",\"menuType\":\"C\",\"orderNum\":0,\"params\":{},\"parentId\":2072,\"path\":\"tourism\",\"perms\":\"tourism:news:list\",\"query\":\"\",\"remark\":\"\",\"routeName\":\"\",\"status\":\"0\",\"updateBy\":\"admin\",\"updateTime\":\"2025-11-03 14:28:26\",\"visible\":\"0\"}', '{\"msg\":\"ж“ҚдҪңжҲҗеҠҹ\",\"code\":200}', '0', '', NULL, 40, '2025-11-03 14:28:26', 0, NULL);
INSERT INTO `sys_oper_log` VALUES (120, 'иҸңеҚ•з®ЎзҗҶ', 2, 'cn.edu.cquet.web.controller.system.SysMenuController.edit()', 'PUT', 1, 'admin', 'з ”еҸ‘йғЁй—Ё', '/system/menu', '127.0.0.1', 'еҶ…зҪ‘IP', '{\"children\":[],\"component\":\"tourism/news/index\",\"createBy\":\"admin\",\"createTime\":\"2025-11-03 14:24:01\",\"delFlag\":\"0\",\"icon\":\"date-range\",\"isCache\":\"0\",\"isFrame\":\"1\",\"menuId\":2073,\"menuName\":\"ж–°й—»з®ЎзҗҶ\",\"menuType\":\"C\",\"orderNum\":0,\"params\":{},\"parentId\":2072,\"path\":\"tourism\",\"perms\":\"tourism:news:list\",\"query\":\"\",\"remark\":\"\",\"routeName\":\"\",\"status\":\"0\",\"updateBy\":\"admin\",\"updateTime\":\"2025-11-03 14:29:57\",\"visible\":\"0\"}', '{\"msg\":\"ж“ҚдҪңжҲҗеҠҹ\",\"code\":200}', '0', '', NULL, 22, '2025-11-03 14:29:57', 0, NULL);
INSERT INTO `sys_oper_log` VALUES (121, 'иҸңеҚ•з®ЎзҗҶ', 2, 'cn.edu.cquet.web.controller.system.SysMenuController.edit()', 'PUT', 1, 'admin', 'з ”еҸ‘йғЁй—Ё', '/system/menu', '127.0.0.1', 'еҶ…зҪ‘IP', '{\"children\":[],\"component\":\"tourism/news\",\"createBy\":\"admin\",\"createTime\":\"2025-11-03 14:24:01\",\"delFlag\":\"0\",\"icon\":\"date-range\",\"isCache\":\"0\",\"isFrame\":\"1\",\"menuId\":2073,\"menuName\":\"ж–°й—»з®ЎзҗҶ\",\"menuType\":\"C\",\"orderNum\":0,\"params\":{},\"parentId\":2072,\"path\":\"tourism\",\"perms\":\"tourism:news:list\",\"query\":\"\",\"remark\":\"\",\"routeName\":\"\",\"status\":\"0\",\"updateBy\":\"admin\",\"updateTime\":\"2025-11-03 14:30:14\",\"visible\":\"0\"}', '{\"msg\":\"ж“ҚдҪңжҲҗеҠҹ\",\"code\":200}', '0', '', NULL, 34, '2025-11-03 14:30:14', 0, NULL);
INSERT INTO `sys_oper_log` VALUES (122, 'иҸңеҚ•з®ЎзҗҶ', 2, 'cn.edu.cquet.web.controller.system.SysMenuController.edit()', 'PUT', 1, 'admin', 'з ”еҸ‘йғЁй—Ё', '/system/menu', '127.0.0.1', 'еҶ…зҪ‘IP', '{\"children\":[],\"component\":\"tourism/news/index\",\"createBy\":\"admin\",\"createTime\":\"2025-11-03 14:24:01\",\"delFlag\":\"0\",\"icon\":\"date-range\",\"isCache\":\"0\",\"isFrame\":\"1\",\"menuId\":2073,\"menuName\":\"ж–°й—»з®ЎзҗҶ\",\"menuType\":\"C\",\"orderNum\":0,\"params\":{},\"parentId\":2072,\"path\":\"tourism\",\"perms\":\"tourism:news:list\",\"query\":\"\",\"remark\":\"\",\"routeName\":\"\",\"status\":\"0\",\"updateBy\":\"admin\",\"updateTime\":\"2025-11-03 14:30:29\",\"visible\":\"0\"}', '{\"msg\":\"ж“ҚдҪңжҲҗеҠҹ\",\"code\":200}', '0', '', NULL, 32, '2025-11-03 14:30:30', 0, NULL);
INSERT INTO `sys_oper_log` VALUES (123, 'иҸңеҚ•з®ЎзҗҶ', 1, 'cn.edu.cquet.web.controller.system.SysMenuController.add()', 'POST', 1, 'admin', 'з ”еҸ‘йғЁй—Ё', '/system/menu', '127.0.0.1', 'еҶ…зҪ‘IP', '{\"children\":[],\"component\":\"tourism/scenicSpot/index\",\"createBy\":\"admin\",\"createTime\":\"2025-11-10 14:01:24\",\"delFlag\":\"0\",\"icon\":\"clipboard\",\"isCache\":\"0\",\"isFrame\":\"1\",\"menuId\":2074,\"menuName\":\"ж—…жёёжҷҜзӮ№\",\"menuType\":\"C\",\"orderNum\":1,\"params\":{},\"parentId\":2072,\"path\":\"tourism\",\"perms\":\"tourism:scenicSpot:list\",\"status\":\"0\",\"visible\":\"0\"}', '{\"msg\":\"ж“ҚдҪңжҲҗеҠҹ\",\"code\":200}', '0', '', NULL, 30, '2025-11-10 14:01:25', 0, NULL);
INSERT INTO `sys_oper_log` VALUES (124, 'иҸңеҚ•з®ЎзҗҶ', 2, 'cn.edu.cquet.web.controller.system.SysMenuController.edit()', 'PUT', 1, 'admin', 'з ”еҸ‘йғЁй—Ё', '/system/menu', '127.0.0.1', 'еҶ…зҪ‘IP', '{\"children\":[],\"component\":\"tourism/scenicSpot/index\",\"createBy\":\"admin\",\"createTime\":\"2025-11-10 14:01:25\",\"delFlag\":\"0\",\"icon\":\"clipboard\",\"isCache\":\"0\",\"isFrame\":\"1\",\"menuId\":2074,\"menuName\":\"ж—…жёёжҷҜзӮ№\",\"menuType\":\"C\",\"orderNum\":1,\"params\":{},\"parentId\":2072,\"path\":\"tourisms\",\"perms\":\"tourism:scenicSpot:list\",\"remark\":\"\",\"routeName\":\"\",\"status\":\"0\",\"updateBy\":\"admin\",\"updateTime\":\"2025-11-10 14:03:04\",\"visible\":\"0\"}', '{\"msg\":\"ж“ҚдҪңжҲҗеҠҹ\",\"code\":200}', '0', '', NULL, 19, '2025-11-10 14:03:05', 0, NULL);
INSERT INTO `sys_oper_log` VALUES (125, 'иҸңеҚ•з®ЎзҗҶ', 2, 'cn.edu.cquet.web.controller.system.SysMenuController.edit()', 'PUT', 1, 'admin', 'з ”еҸ‘йғЁй—Ё', '/system/menu', '127.0.0.1', 'еҶ…зҪ‘IP', '{\"children\":[],\"component\":\"tourism/scenicSpot/index\",\"createBy\":\"admin\",\"createTime\":\"2025-11-10 14:01:25\",\"delFlag\":\"0\",\"icon\":\"clipboard\",\"isCache\":\"0\",\"isFrame\":\"1\",\"menuId\":2074,\"menuName\":\"ж—…жёёжҷҜзӮ№\",\"menuType\":\"C\",\"orderNum\":1,\"params\":{},\"parentId\":2072,\"path\":\"tourismspot\",\"perms\":\"tourism:scenicSpot:list\",\"remark\":\"\",\"routeName\":\"\",\"status\":\"0\",\"updateBy\":\"admin\",\"updateTime\":\"2025-11-10 14:03:43\",\"visible\":\"0\"}', '{\"msg\":\"ж“ҚдҪңжҲҗеҠҹ\",\"code\":200}', '0', '', NULL, 19, '2025-11-10 14:03:43', 0, NULL);
INSERT INTO `sys_oper_log` VALUES (126, 'иҸңеҚ•з®ЎзҗҶ', 2, 'cn.edu.cquet.web.controller.system.SysMenuController.edit()', 'PUT', 1, 'admin', 'з ”еҸ‘йғЁй—Ё', '/system/menu', '127.0.0.1', 'еҶ…зҪ‘IP', '{\"children\":[],\"component\":\"tourism/news/index\",\"createBy\":\"admin\",\"createTime\":\"2025-11-03 14:24:01\",\"delFlag\":\"0\",\"icon\":\"date-range\",\"isCache\":\"0\",\"isFrame\":\"1\",\"menuId\":2073,\"menuName\":\"ж–°й—»з®ЎзҗҶ\",\"menuType\":\"C\",\"orderNum\":0,\"params\":{},\"parentId\":2072,\"path\":\"news\",\"perms\":\"tourism:news:list\",\"query\":\"\",\"remark\":\"\",\"routeName\":\"\",\"status\":\"0\",\"updateBy\":\"admin\",\"updateTime\":\"2025-11-10 14:04:06\",\"visible\":\"0\"}', '{\"msg\":\"ж“ҚдҪңжҲҗеҠҹ\",\"code\":200}', '0', '', NULL, 12, '2025-11-10 14:04:06', 0, NULL);
INSERT INTO `sys_oper_log` VALUES (127, 'иҸңеҚ•з®ЎзҗҶ', 2, 'cn.edu.cquet.web.controller.system.SysMenuController.edit()', 'PUT', 1, 'admin', 'з ”еҸ‘йғЁй—Ё', '/system/menu', '127.0.0.1', 'еҶ…зҪ‘IP', '{\"children\":[],\"component\":\"tourism/scenicSpot/index\",\"createBy\":\"admin\",\"createTime\":\"2025-11-10 14:01:25\",\"delFlag\":\"0\",\"icon\":\"clipboard\",\"isCache\":\"0\",\"isFrame\":\"1\",\"menuId\":2074,\"menuName\":\"ж—…жёёжҷҜзӮ№\",\"menuType\":\"C\",\"orderNum\":1,\"params\":{},\"parentId\":2072,\"path\":\"scenicSpot\",\"perms\":\"tourism:scenicSpot:list\",\"remark\":\"\",\"routeName\":\"\",\"status\":\"0\",\"updateBy\":\"admin\",\"updateTime\":\"2025-11-10 14:06:39\",\"visible\":\"0\"}', '{\"msg\":\"ж“ҚдҪңжҲҗеҠҹ\",\"code\":200}', '0', '', NULL, 15, '2025-11-10 14:06:39', 0, NULL);
INSERT INTO `sys_oper_log` VALUES (128, 'Aзә§жҷҜеҢә', 1, 'cn.edu.cquet.tourism.controller.TourismScenicSpotController.add()', 'POST', 1, 'admin', 'з ”еҸ‘йғЁй—Ё', '/tourism/scenic-spot', '127.0.0.1', 'еҶ…зҪ‘IP', '{\"address\":\"еӣӣе·қзңҒйҳҝеққи—Ҹж—ҸзҫҢж—ҸиҮӘжІ»е·һд№қеҜЁжІҹеҺҝ\",\"city\":\"йҳҝеққе·һ\",\"createBy\":\"admin\",\"createTime\":\"2025-11-14 17:14:15\",\"delFlag\":\"0\",\"description\":\"д№қеҜЁжІҹжҳҜдё–з•ҢиҮӘз„¶йҒ—дә§гҖҒеӣҪе®¶йҮҚзӮ№йЈҺжҷҜеҗҚиғңеҢәгҖҒеӣҪе®¶AAAAAзә§ж—…жёёжҷҜеҢәгҖҒеӣҪе®¶зә§иҮӘз„¶дҝқжҠӨеҢәгҖҒеӣҪе®¶ең°иҙЁе…¬еӣӯгҖҒдё–з•Ңз”ҹзү©еңҲдҝқжҠӨеҢәзҪ‘з»ңпјҢжҳҜдёӯеӣҪз¬¬дёҖдёӘд»ҘдҝқжҠӨиҮӘз„¶йЈҺжҷҜдёәдё»иҰҒзӣ®зҡ„зҡ„иҮӘз„¶дҝқжҠӨеҢәгҖӮ\",\"district\":\"д№қеҜЁжІҹеҺҝ\",\"id\":23,\"latitude\":33.254,\"level\":\"5A\",\"longitude\":103.918,\"name\":\"д№қеҜЁжІҹйЈҺжҷҜеҗҚиғңеҢә\",\"openingHours\":\"08:00-18:00\",\"params\":{},\"status\":\"0\",\"ticketPrice\":169.00}', '{\"msg\":\"ж“ҚдҪңжҲҗеҠҹ\",\"code\":200}', '0', '', NULL, 44, '2025-11-14 17:14:16', 0, NULL);
INSERT INTO `sys_oper_log` VALUES (129, 'Aзә§жҷҜеҢә', 1, 'cn.edu.cquet.tourism.controller.TourismScenicSpotController.add()', 'POST', 1, 'admin', 'з ”еҸ‘йғЁй—Ё', '/tourism/scenic-spot', '127.0.0.1', 'еҶ…зҪ‘IP', '{\"address\":\"жөӢиҜ•001\",\"city\":\"жөӢиҜ•001\",\"createBy\":\"admin\",\"createTime\":\"2025-11-14 17:57:55\",\"delFlag\":\"0\",\"description\":\"жөӢиҜ•001\",\"id\":24,\"level\":\"AAA\",\"name\":\"жөӢиҜ•001\",\"params\":{},\"ticketPrice\":0}', '{\"msg\":\"ж“ҚдҪңжҲҗеҠҹ\",\"code\":200}', '0', '', NULL, 87, '2025-11-14 17:57:56', 0, NULL);
INSERT INTO `sys_oper_log` VALUES (130, 'и®ҫеӨҮи®ҫж–Ҫз®ЎзҗҶ', 1, 'cn.edu.cquet.tourism.controller.TourismFacilitiesController.add()', 'POST', 1, 'admin', 'з ”еҸ‘йғЁй—Ё', '/tourism/facilities', '127.0.0.1', 'еҶ…зҪ‘IP', '{\"facilitiesName\":\"з¬”и®°жң¬з”өи„‘\",\"id\":3}', '{\"msg\":\"ж“ҚдҪңжҲҗеҠҹ\",\"code\":200}', '0', '', NULL, 18, '2025-11-15 00:00:33', 0, NULL);
INSERT INTO `sys_oper_log` VALUES (131, 'еӣҫзүҮз®ЎзҗҶ', 1, 'cn.edu.cquet.tourism.controller.TourismImageController.addBatch()', 'POST', 1, 'admin', 'з ”еҸ‘йғЁй—Ё', '/tourism/images/batch', '127.0.0.1', 'еҶ…зҪ‘IP', '[\"1.jpg\",\"2.jpg\",\"3.jpg\"]', '{\"msg\":\"ж“ҚдҪңжҲҗеҠҹ\",\"code\":200,\"data\":[{\"id\":3,\"url\":\"1.jpg\"},{\"id\":4,\"url\":\"2.jpg\"},{\"id\":5,\"url\":\"3.jpg\"}]}', '0', '', NULL, 43, '2025-11-15 16:29:21', 0, NULL);
INSERT INTO `sys_oper_log` VALUES (132, 'зү№иүІжҙ»еҠЁ', 2, 'cn.edu.cquet.tourism.controller.TourismActivityController.updateStatus()', 'PUT', 1, 'admin', 'з ”еҸ‘йғЁй—Ё', '/tourism/activity/1/status/0', '127.0.0.1', 'еҶ…зҪ‘IP', '1 \"0\"', '{\"msg\":\"ж“ҚдҪңжҲҗеҠҹ\",\"code\":200}', '0', '', NULL, 21, '2025-11-15 16:59:08', 0, NULL);
INSERT INTO `sys_oper_log` VALUES (133, 'зү№иүІжҙ»еҠЁ', 2, 'cn.edu.cquet.tourism.controller.TourismActivityController.updateStatus()', 'PUT', 1, 'admin', 'з ”еҸ‘йғЁй—Ё', '/tourism/activity/1/status/1', '127.0.0.1', 'еҶ…зҪ‘IP', '1 \"1\"', '{\"msg\":\"ж“ҚдҪңжҲҗеҠҹ\",\"code\":200}', '0', '', NULL, 20, '2025-11-15 16:59:29', 0, NULL);
INSERT INTO `sys_oper_log` VALUES (134, 'зү№иүІжҙ»еҠЁ', 2, 'cn.edu.cquet.tourism.controller.TourismActivityController.updateStatus()', 'PUT', 1, 'admin', 'з ”еҸ‘йғЁй—Ё', '/tourism/activity/1/status/1', '127.0.0.1', 'еҶ…зҪ‘IP', '1 \"1\"', '{\"msg\":\"ж“ҚдҪңжҲҗеҠҹ\",\"code\":200}', '0', '', NULL, 48, '2025-11-15 17:32:48', 0, NULL);
INSERT INTO `sys_oper_log` VALUES (135, 'зү№иүІжҙ»еҠЁ', 1, 'cn.edu.cquet.tourism.controller.TourismActivityController.add()', 'POST', 1, 'admin', 'з ”еҸ‘йғЁй—Ё', '/tourism/activity', '127.0.0.1', 'еҶ…зҪ‘IP', '{\"contactPhone\":\"023-12345678\",\"createBy\":\"admin\",\"createTime\":\"2025-11-15 17:36:02\",\"delFlag\":\"0\",\"description\":\"дҪ“йӘҢжӯЈе®—йҮҚеәҶзҒ«й”…ж–ҮеҢ–пјҢе“Ғе°қең°йҒ“зҫҺйЈҹ\",\"endTime\":\"2024-06-03 18:00:00\",\"name\":\"йҮҚеәҶзҒ«й”…ж–ҮеҢ–иҠӮ\",\"organizer\":\"йҮҚеәҶзҫҺйЈҹеҚҸдјҡ\",\"params\":{},\"startTime\":\"2024-06-01 09:00:00\",\"status\":\"ACTIVE\",\"venueId\":1}', '', '1', '\r\n### Error updating database.  Cause: com.mysql.cj.jdbc.exceptions.MysqlDataTruncation: Data truncation: Data too long for column \'status\' at row 1\r\n### The error may exist in cn/edu/cquet/tourism/mapper/TourismActivityMapper.java (best guess)\r\n### The error may involve cn.edu.cquet.tourism.mapper.TourismActivityMapper.insert-Inline\r\n### The error occurred while setting parameters\r\n### SQL: INSERT INTO tourism_activity  ( name,  start_time, end_time,  venue_id, organizer, contact_phone, description, status,   create_time,  del_flag, create_by )  VALUES (  ?,  ?, ?,  ?, ?, ?, ?, ?,   ?,  ?, ?  )\r\n### Cause: com.mysql.cj.jdbc.exceptions.MysqlDataTruncation: Data truncation: Data too long for column \'status\' at row 1\n; Data truncation: Data too long for column \'status\' at row 1', NULL, 188, '2025-11-15 17:36:02', 0, NULL);
INSERT INTO `sys_oper_log` VALUES (136, 'зү№иүІжҙ»еҠЁ', 1, 'cn.edu.cquet.tourism.controller.TourismActivityController.add()', 'POST', 1, 'admin', 'з ”еҸ‘йғЁй—Ё', '/tourism/activity', '127.0.0.1', 'еҶ…зҪ‘IP', '{\"auditStatus\":\"pending\",\"category\":\"еұ•и§Ҳ\",\"contactPhone\":\"13800138000\",\"coverImage\":\"https://cdn.example.com/images/activity/winter-exhibit.jpg\",\"createBy\":\"admin\",\"createTime\":\"2025-11-15 17:40:28\",\"delFlag\":\"0\",\"description\":\"еӣҙз»•еҹҺеёӮж–ҮжҳҺзҡ„еҶ¬еӯЈдё“йўҳеұ•гҖӮ\",\"endTime\":\"2026-01-10 18:00:00\",\"name\":\"еҹҺеёӮеҚҡзү©йҰҶеҶ¬еӯЈеұ•и§Ҳ\",\"organizer\":\"еҹҺеёӮеҚҡзү©йҰҶ\",\"params\":{},\"startTime\":\"2025-12-05 09:00:00\",\"status\":\"0\",\"venueId\":1}', '', '1', '\r\n### Error updating database.  Cause: com.mysql.cj.jdbc.exceptions.MysqlDataTruncation: Data truncation: Data too long for column \'audit_status\' at row 1\r\n### The error may exist in cn/edu/cquet/tourism/mapper/TourismActivityMapper.java (best guess)\r\n### The error may involve cn.edu.cquet.tourism.mapper.TourismActivityMapper.insert-Inline\r\n### The error occurred while setting parameters\r\n### SQL: INSERT INTO tourism_activity  ( name, cover_image, start_time, end_time, category, venue_id, organizer, contact_phone, description, status, audit_status,  create_time,  del_flag, create_by )  VALUES (  ?, ?, ?, ?, ?, ?, ?, ?, ?, ?, ?,  ?,  ?, ?  )\r\n### Cause: com.mysql.cj.jdbc.exceptions.MysqlDataTruncation: Data truncation: Data too long for column \'audit_status\' at row 1\n; Data truncation: Data too long for column \'audit_status\' at row 1', NULL, 8, '2025-11-15 17:40:28', 0, NULL);
INSERT INTO `sys_oper_log` VALUES (137, 'зү№иүІжҙ»еҠЁ', 1, 'cn.edu.cquet.tourism.controller.TourismActivityController.add()', 'POST', 1, 'admin', 'з ”еҸ‘йғЁй—Ё', '/tourism/activity', '127.0.0.1', 'еҶ…зҪ‘IP', '{\"auditStatus\":\"pending\",\"category\":\"и®Іеә§\",\"contactPhone\":\"13900001234\",\"coverImage\":\"https://cdn.example.com/images/winter-lecture.jpg\",\"createBy\":\"admin\",\"createTime\":\"2025-11-15 17:43:41\",\"delFlag\":\"0\",\"description\":\"йӮҖиҜ·дё“е®¶еӯҰиҖ…еҲҶдә«е·ҙжёқж–ҮеҢ–еҸ‘еұ•и„үз»ңдёҺйҮҚиҰҒиҠӮзӮ№гҖӮ\",\"endTime\":\"2025-12-20 21:00:00\",\"name\":\"еҶ¬еӯЈж–ҮеҢ–и®Іеә§пјҡе·ҙжёқеҺҶеҸІи°Ҳ\",\"organizer\":\"йҮҚеәҶеёӮж–ҮеҢ–йҰҶ\",\"params\":{},\"rejectReason\":\"\",\"startTime\":\"2025-12-20 19:00:00\",\"status\":\"0\",\"venueId\":2}', '', '1', '\r\n### Error updating database.  Cause: com.mysql.cj.jdbc.exceptions.MysqlDataTruncation: Data truncation: Data too long for column \'audit_status\' at row 1\r\n### The error may exist in cn/edu/cquet/tourism/mapper/TourismActivityMapper.java (best guess)\r\n### The error may involve cn.edu.cquet.tourism.mapper.TourismActivityMapper.insert-Inline\r\n### The error occurred while setting parameters\r\n### SQL: INSERT INTO tourism_activity  ( name, cover_image, start_time, end_time, category, venue_id, organizer, contact_phone, description, status, audit_status, remark, create_time,  del_flag, create_by )  VALUES (  ?, ?, ?, ?, ?, ?, ?, ?, ?, ?, ?, ?, ?,  ?, ?  )\r\n### Cause: com.mysql.cj.jdbc.exceptions.MysqlDataTruncation: Data truncation: Data too long for column \'audit_status\' at row 1\n; Data truncation: Data too long for column \'audit_status\' at row 1', NULL, 228, '2025-11-15 17:43:42', 0, NULL);
INSERT INTO `sys_oper_log` VALUES (138, 'зү№иүІжҙ»еҠЁ', 1, 'cn.edu.cquet.tourism.controller.TourismActivityController.add()', 'POST', 1, 'admin', 'з ”еҸ‘йғЁй—Ё', '/tourism/activity', '127.0.0.1', 'еҶ…зҪ‘IP', '{\"auditStatus\":\"0\",\"category\":\"еұ•и§Ҳ\",\"contactPhone\":\"13800138000\",\"coverImage\":\"https://cdn.example.com/images/feiyi-expo.jpg\",\"createBy\":\"admin\",\"createTime\":\"2025-11-15 17:45:06\",\"delFlag\":\"0\",\"description\":\"йӣҶдёӯеұ•зӨәе·қжёқең°еҢәйқһйҒ—йЎ№зӣ®дёҺе·ҘиүәпјҢеҗ«дә’еҠЁдҪ“йӘҢгҖӮ\",\"endTime\":\"2025-12-15 17:30:00\",\"id\":2,\"name\":\"йҮҚеәҶйқһйҒ—еұ•и§ҲеӯЈ\",\"organizer\":\"йҮҚеәҶеёӮж–ҮеҢ–е’Ңж—…жёёе§”е‘ҳдјҡ\",\"params\":{},\"rejectReason\":\"\",\"startTime\":\"2025-12-01 09:00:00\",\"status\":\"0\",\"venueId\":1}', '{\"msg\":\"ж“ҚдҪңжҲҗеҠҹ\",\"code\":200}', '0', '', NULL, 25, '2025-11-15 17:45:07', 0, NULL);
INSERT INTO `sys_oper_log` VALUES (139, 'зү№иүІжҙ»еҠЁ', 1, 'cn.edu.cquet.tourism.controller.TourismActivityController.add()', 'POST', 1, 'admin', 'з ”еҸ‘йғЁй—Ё', '/tourism/activity', '127.0.0.1', 'еҶ…зҪ‘IP', '{\"auditStatus\":\"0\",\"category\":\"еұ•и§Ҳ123\",\"contactPhone\":\"13800138000\",\"coverImage\":\"https://cdn.example.com/images/feiyi-expo.jpg\",\"createBy\":\"admin\",\"createTime\":\"2025-11-15 17:46:46\",\"delFlag\":\"0\",\"description\":\"йӣҶдёӯеұ•зӨәе·қжёқең°еҢәйқһйҒ—йЎ№зӣ®дёҺе·ҘиүәпјҢеҗ«дә’еҠЁдҪ“йӘҢгҖӮ\",\"endTime\":\"2025-12-15 17:30:00\",\"id\":3,\"name\":\"йҮҚеәҶйқһйҒ—еұ•и§ҲеӯЈ123\",\"organizer\":\"йҮҚеәҶеёӮж–ҮеҢ–е’Ңж—…жёёе§”е‘ҳдјҡ\",\"params\":{},\"rejectReason\":\"\",\"startTime\":\"2025-12-01 09:00:00\",\"status\":\"0\",\"venueId\":1}', '{\"msg\":\"ж“ҚдҪңжҲҗеҠҹ\",\"code\":200}', '0', '', NULL, 34, '2025-11-15 17:46:46', 0, NULL);
INSERT INTO `sys_oper_log` VALUES (140, 'зү№иүІжҙ»еҠЁ', 2, 'cn.edu.cquet.tourism.controller.TourismActivityController.edit()', 'PUT', 1, 'admin', 'з ”еҸ‘йғЁй—Ё', '/tourism/activity', '127.0.0.1', 'еҶ…зҪ‘IP', '{\"auditStatus\":\"0\",\"category\":\"еұ•и§Ҳ123\",\"contactPhone\":\"13800138000\",\"coverImage\":\"https://cdn.example.com/images/feiyi-expo.jpg\",\"description\":\"йӣҶдёӯеұ•зӨәе·қжёқең°еҢәйқһйҒ—йЎ№зӣ®дёҺе·ҘиүәпјҢеҗ«дә’еҠЁдҪ“йӘҢгҖӮ\",\"endTime\":\"2025-12-15 17:30:00\",\"id\":2,\"name\":\"йҮҚеәҶйқһйҒ—еұ•и§ҲеӯЈ123\",\"organizer\":\"йҮҚеәҶеёӮж–ҮеҢ–е’Ңж—…жёёе§”е‘ҳдјҡ\",\"params\":{},\"rejectReason\":\"\",\"startTime\":\"2025-12-01 09:00:00\",\"status\":\"0\",\"updateBy\":\"admin\",\"updateTime\":\"2025-11-15 17:47:28\",\"venueId\":1}', '{\"msg\":\"ж“ҚдҪңжҲҗеҠҹ\",\"code\":200}', '0', '', NULL, 14, '2025-11-15 17:47:28', 0, NULL);
INSERT INTO `sys_oper_log` VALUES (141, 'зү№иүІжҙ»еҠЁ', 2, 'cn.edu.cquet.tourism.controller.TourismActivityController.approve()', 'POST', 1, 'admin', 'з ”еҸ‘йғЁй—Ё', '/tourism/activity/2/approve', '127.0.0.1', 'еҶ…зҪ‘IP', '2', '{\"msg\":\"ж“ҚдҪңжҲҗеҠҹ\",\"code\":200}', '0', '', NULL, 20, '2025-11-15 17:49:00', 0, NULL);
INSERT INTO `sys_oper_log` VALUES (142, 'зү№иүІжҙ»еҠЁ', 2, 'cn.edu.cquet.tourism.controller.TourismActivityController.approve()', 'POST', 1, 'admin', 'з ”еҸ‘йғЁй—Ё', '/tourism/activity/3/approve', '127.0.0.1', 'еҶ…зҪ‘IP', '3', '{\"msg\":\"ж“ҚдҪңжҲҗеҠҹ\",\"code\":200}', '0', '', NULL, 11, '2025-11-15 17:50:10', 0, NULL);
INSERT INTO `sys_oper_log` VALUES (143, 'зү№иүІжҙ»еҠЁ', 1, 'cn.edu.cquet.tourism.controller.TourismActivityController.add()', 'POST', 1, 'admin', 'з ”еҸ‘йғЁй—Ё', '/tourism/activity', '127.0.0.1', 'еҶ…зҪ‘IP', '{\"auditStatus\":\"0\",\"category\":\"еұ•и§Ҳ\",\"contactPhone\":\"13800138000\",\"coverImage\":\"https://cdn.example.com/images/feiyi-expo.jpg\",\"createBy\":\"admin\",\"createTime\":\"2025-11-15 17:50:50\",\"delFlag\":\"0\",\"description\":\"йӣҶдёӯеұ•зӨәе·қжёқең°еҢәйқһйҒ—йЎ№зӣ®дёҺе·ҘиүәпјҢеҗ«дә’еҠЁдҪ“йӘҢгҖӮ\",\"endTime\":\"2025-12-15 17:30:00\",\"id\":4,\"name\":\"йҮҚеәҶйқһйҒ—еұ•и§ҲеӯЈ\",\"organizer\":\"йҮҚеәҶеёӮж–ҮеҢ–е’Ңж—…жёёе§”е‘ҳдјҡ\",\"params\":{},\"rejectReason\":\"\",\"startTime\":\"2025-12-01 09:00:00\",\"status\":\"0\",\"venueId\":1}', '{\"msg\":\"ж“ҚдҪңжҲҗеҠҹ\",\"code\":200}', '0', '', NULL, 22, '2025-11-15 17:50:51', 0, NULL);
INSERT INTO `sys_oper_log` VALUES (144, 'зү№иүІжҙ»еҠЁ', 1, 'cn.edu.cquet.tourism.controller.TourismActivityController.add()', 'POST', 1, 'admin', 'з ”еҸ‘йғЁй—Ё', '/tourism/activity', '127.0.0.1', 'еҶ…зҪ‘IP', '{\"auditStatus\":\"0\",\"category\":\"еұ•и§Ҳ\",\"contactPhone\":\"13800138000\",\"coverImage\":\"https://cdn.example.com/images/feiyi-expo.jpg\",\"createBy\":\"admin\",\"createTime\":\"2025-11-15 17:55:24\",\"delFlag\":\"0\",\"description\":\"йӣҶдёӯеұ•зӨәе·қжёқең°еҢәйқһйҒ—йЎ№зӣ®дёҺе·ҘиүәпјҢеҗ«дә’еҠЁдҪ“йӘҢгҖӮ\",\"endTime\":\"2025-12-15 17:30:00\",\"id\":5,\"name\":\"йҮҚеәҶйқһйҒ—еұ•и§ҲеӯЈ\",\"organizer\":\"йҮҚеәҶеёӮж–ҮеҢ–е’Ңж—…жёёе§”е‘ҳдјҡ\",\"params\":{},\"rejectReason\":\"\",\"startTime\":\"2025-12-01 09:00:00\",\"status\":\"0\",\"venueId\":1}', '{\"msg\":\"ж“ҚдҪңжҲҗеҠҹ\",\"code\":200}', '0', '', NULL, 19, '2025-11-15 17:55:25', 0, NULL);
INSERT INTO `sys_oper_log` VALUES (145, 'зү№иүІжҙ»еҠЁ', 1, 'cn.edu.cquet.tourism.controller.TourismActivityController.add()', 'POST', 1, 'admin', 'з ”еҸ‘йғЁй—Ё', '/tourism/activity', '127.0.0.1', 'еҶ…зҪ‘IP', '{\"auditStatus\":\"0\",\"category\":\"еұ•и§Ҳ\",\"contactPhone\":\"13800138000\",\"coverImage\":\"https://cdn.example.com/images/feiyi-expo.jpg\",\"createBy\":\"admin\",\"createTime\":\"2025-11-15 17:55:26\",\"delFlag\":\"0\",\"description\":\"йӣҶдёӯеұ•зӨәе·қжёқең°еҢәйқһйҒ—йЎ№зӣ®дёҺе·ҘиүәпјҢеҗ«дә’еҠЁдҪ“йӘҢгҖӮ\",\"endTime\":\"2025-12-15 17:30:00\",\"id\":6,\"name\":\"йҮҚеәҶйқһйҒ—еұ•и§ҲеӯЈ\",\"organizer\":\"йҮҚеәҶеёӮж–ҮеҢ–е’Ңж—…жёёе§”е‘ҳдјҡ\",\"params\":{},\"rejectReason\":\"\",\"startTime\":\"2025-12-01 09:00:00\",\"status\":\"0\",\"venueId\":1}', '{\"msg\":\"ж“ҚдҪңжҲҗеҠҹ\",\"code\":200}', '0', '', NULL, 6, '2025-11-15 17:55:27', 0, NULL);
INSERT INTO `sys_oper_log` VALUES (146, 'зү№иүІжҙ»еҠЁ', 1, 'cn.edu.cquet.tourism.controller.TourismActivityController.add()', 'POST', 1, 'admin', 'з ”еҸ‘йғЁй—Ё', '/tourism/activity', '127.0.0.1', 'еҶ…зҪ‘IP', '{\"auditStatus\":\"0\",\"category\":\"еұ•и§Ҳ\",\"contactPhone\":\"13800138000\",\"coverImage\":\"https://cdn.example.com/images/feiyi-expo.jpg\",\"createBy\":\"admin\",\"createTime\":\"2025-11-15 17:58:32\",\"delFlag\":\"0\",\"description\":\"йӣҶдёӯеұ•зӨәе·қжёқең°еҢәйқһйҒ—йЎ№зӣ®дёҺе·ҘиүәпјҢеҗ«дә’еҠЁдҪ“йӘҢгҖӮ\",\"endTime\":\"2025-12-15 17:30:00\",\"id\":7,\"name\":\"йҮҚеәҶйқһйҒ—еұ•и§ҲеӯЈ\",\"organizer\":\"йҮҚеәҶеёӮж–ҮеҢ–е’Ңж—…жёёе§”е‘ҳдјҡ\",\"params\":{},\"rejectReason\":\"\",\"startTime\":\"2025-12-01 09:00:00\",\"status\":\"0\",\"venueId\":1}', '{\"msg\":\"ж“ҚдҪңжҲҗеҠҹ\",\"code\":200}', '0', '', NULL, 279, '2025-11-15 17:58:33', 0, NULL);
INSERT INTO `sys_oper_log` VALUES (147, 'зү№иүІжҙ»еҠЁ', 1, 'cn.edu.cquet.tourism.controller.TourismActivityController.add()', 'POST', 1, 'admin', 'з ”еҸ‘йғЁй—Ё', '/tourism/activity', '127.0.0.1', 'еҶ…зҪ‘IP', '{\"auditStatus\":\"0\",\"category\":\"еұ•и§Ҳ\",\"contactPhone\":\"13800138000\",\"coverImage\":\"https://cdn.example.com/images/feiyi-expo.jpg\",\"createBy\":\"admin\",\"createTime\":\"2025-11-15 17:58:34\",\"delFlag\":\"0\",\"description\":\"йӣҶдёӯеұ•зӨәе·қжёқең°еҢәйқһйҒ—йЎ№зӣ®дёҺе·ҘиүәпјҢеҗ«дә’еҠЁдҪ“йӘҢгҖӮ\",\"endTime\":\"2025-12-15 17:30:00\",\"id\":8,\"name\":\"йҮҚеәҶйқһйҒ—еұ•и§ҲеӯЈ\",\"organizer\":\"йҮҚеәҶеёӮж–ҮеҢ–е’Ңж—…жёёе§”е‘ҳдјҡ\",\"params\":{},\"rejectReason\":\"\",\"startTime\":\"2025-12-01 09:00:00\",\"status\":\"0\",\"venueId\":1}', '{\"msg\":\"ж“ҚдҪңжҲҗеҠҹ\",\"code\":200}', '0', '', NULL, 22, '2025-11-15 17:58:34', 0, NULL);
INSERT INTO `sys_oper_log` VALUES (148, 'зү№иүІжҙ»еҠЁ', 2, 'cn.edu.cquet.tourism.controller.TourismActivityController.approve()', 'POST', 1, 'admin', 'з ”еҸ‘йғЁй—Ё', '/tourism/activity/2/approve', '127.0.0.1', 'еҶ…зҪ‘IP', '2', '{\"msg\":\"ж“ҚдҪңеӨұиҙҘ\",\"code\":500}', '0', '', NULL, 99, '2025-11-15 17:59:07', 0, NULL);
INSERT INTO `sys_oper_log` VALUES (149, 'зү№иүІжҙ»еҠЁ', 2, 'cn.edu.cquet.tourism.controller.TourismActivityController.reject()', 'POST', 1, 'admin', 'з ”еҸ‘йғЁй—Ё', '/tourism/activity/3/reject', '127.0.0.1', 'еҶ…зҪ‘IP', '3', '{\"msg\":\"иҜ·жҸҗдҫӣе®Ўж ёдёҚйҖҡиҝҮеҺҹеӣ \",\"code\":601}', '0', '', NULL, 0, '2025-11-15 17:59:20', 0, NULL);
INSERT INTO `sys_oper_log` VALUES (150, 'зү№иүІжҙ»еҠЁ', 2, 'cn.edu.cquet.tourism.controller.TourismActivityController.approve()', 'POST', 1, 'admin', 'з ”еҸ‘йғЁй—Ё', '/tourism/activity/2/approve', '127.0.0.1', 'еҶ…зҪ‘IP', '2 {\"opinion\":\"еҶ…е®№е®Ңж•ҙпјҢдәҲд»ҘйҖҡиҝҮ\"}', '{\"msg\":\"ж“ҚдҪңеӨұиҙҘ\",\"code\":500}', '0', '', NULL, 168, '2025-11-15 18:03:16', 0, NULL);
INSERT INTO `sys_oper_log` VALUES (151, 'зү№иүІжҙ»еҠЁ', 2, 'cn.edu.cquet.tourism.controller.TourismActivityController.reject()', 'POST', 1, 'admin', 'з ”еҸ‘йғЁй—Ё', '/tourism/activity/3/reject', '127.0.0.1', 'еҶ…зҪ‘IP', '3 {\"reason\":\"иө„ж–ҷдёҚе®Ңж•ҙ\"}', '{\"msg\":\"ж“ҚдҪңеӨұиҙҘ\",\"code\":500}', '0', '', NULL, 9, '2025-11-15 18:03:35', 0, NULL);
INSERT INTO `sys_oper_log` VALUES (152, 'зү№иүІжҙ»еҠЁ', 2, 'cn.edu.cquet.tourism.controller.TourismActivityController.approve()', 'POST', 1, 'admin', 'з ”еҸ‘йғЁй—Ё', '/tourism/activity/2/approve', '127.0.0.1', 'еҶ…зҪ‘IP', '2 {\"opinion\":\"еҶ…е®№е®Ңж•ҙпјҢдәҲд»ҘйҖҡиҝҮ\"}', '{\"msg\":\"ж“ҚдҪңеӨұиҙҘ\",\"code\":500}', '0', '', NULL, 30, '2025-11-15 18:11:57', 0, NULL);
INSERT INTO `sys_oper_log` VALUES (153, 'зү№иүІжҙ»еҠЁ', 2, 'cn.edu.cquet.tourism.controller.TourismActivityController.approve()', 'POST', 1, 'admin', 'з ”еҸ‘йғЁй—Ё', '/tourism/activity/2/approve', '127.0.0.1', 'еҶ…зҪ‘IP', '2 {\"opinion\":\"еҶ…е®№е®Ңж•ҙпјҢдәҲд»ҘйҖҡиҝҮ\"}', '{\"msg\":\"ж“ҚдҪңеӨұиҙҘ\",\"code\":500}', '0', '', NULL, 42, '2025-11-15 18:15:39', 0, NULL);
INSERT INTO `sys_oper_log` VALUES (154, 'Aзә§жҷҜеҢә', 3, 'cn.edu.cquet.tourism.controller.TourismScenicSpotController.remove()', 'DELETE', 1, 'admin', 'з ”еҸ‘йғЁй—Ё', '/tourism/scenic-spot/24', '127.0.0.1', 'еҶ…зҪ‘IP', '{}', '{\"msg\":\"ж“ҚдҪңжҲҗеҠҹ\",\"code\":200}', '0', '', NULL, 64, '2025-11-16 23:51:33', 0, NULL);
INSERT INTO `sys_oper_log` VALUES (155, 'иҸңеҚ•з®ЎзҗҶ', 1, 'cn.edu.cquet.web.controller.system.SysMenuController.add()', 'POST', 1, 'admin', 'з ”еҸ‘йғЁй—Ё', '/system/menu', '127.0.0.1', 'еҶ…зҪ‘IP', '{\"children\":[],\"component\":\"tourism/venue/index\",\"createBy\":\"admin\",\"createTime\":\"2025-11-17 15:30:15\",\"delFlag\":\"0\",\"icon\":\"documentation\",\"isCache\":\"0\",\"isFrame\":\"1\",\"menuId\":2075,\"menuName\":\"еңәйҰҶз®ЎзҗҶ\",\"menuType\":\"C\",\"orderNum\":3,\"params\":{},\"parentId\":2072,\"path\":\"venue\",\"perms\":\"tourism:venue:list\",\"status\":\"0\",\"visible\":\"0\"}', '{\"msg\":\"ж“ҚдҪңжҲҗеҠҹ\",\"code\":200}', '0', '', NULL, 25, '2025-11-17 15:30:15', 0, NULL);
INSERT INTO `sys_oper_log` VALUES (156, 'еңәйҰҶз®ЎзҗҶ', 3, 'cn.edu.cquet.tourism.controller.tourismVenueController.remove()', 'DELETE', 1, 'admin', 'з ”еҸ‘йғЁй—Ё', '/tourism/venue/3', '127.0.0.1', 'еҶ…зҪ‘IP', '{}', '{\"msg\":\"ж“ҚдҪңжҲҗеҠҹ\",\"code\":200}', '0', '', NULL, 39, '2025-11-17 15:30:55', 0, NULL);
INSERT INTO `sys_oper_log` VALUES (157, 'иҸңеҚ•з®ЎзҗҶ', 1, 'cn.edu.cquet.web.controller.system.SysMenuController.add()', 'POST', 1, 'admin', 'з ”еҸ‘йғЁй—Ё', '/system/menu', '127.0.0.1', 'еҶ…зҪ‘IP', '{\"children\":[],\"component\":\"tourism/activity/index.vue\",\"createBy\":\"admin\",\"createTime\":\"2025-11-17 15:42:39\",\"delFlag\":\"0\",\"icon\":\"checkbox\",\"isCache\":\"0\",\"isFrame\":\"1\",\"menuId\":2076,\"menuName\":\"зү№иүІжҙ»еҠЁз®ЎзҗҶ\",\"menuType\":\"C\",\"orderNum\":4,\"params\":{},\"parentId\":2072,\"path\":\"activity\",\"perms\":\"tourism:activity:list\",\"status\":\"0\",\"visible\":\"0\"}', '{\"msg\":\"ж“ҚдҪңжҲҗеҠҹ\",\"code\":200}', '0', '', NULL, 12, '2025-11-17 15:42:40', 0, NULL);
INSERT INTO `sys_oper_log` VALUES (158, 'иҸңеҚ•з®ЎзҗҶ', 1, 'cn.edu.cquet.web.controller.system.SysMenuController.add()', 'POST', 1, 'admin', 'з ”еҸ‘йғЁй—Ё', '/system/menu', '127.0.0.1', 'еҶ…зҪ‘IP', '{\"children\":[],\"component\":\"/tourism/activityApplication/index.vue\",\"createBy\":\"admin\",\"createTime\":\"2025-11-17 15:43:41\",\"delFlag\":\"0\",\"icon\":\"color\",\"isCache\":\"0\",\"isFrame\":\"1\",\"menuId\":2077,\"menuName\":\"жҙ»еҠЁе®Ўж ё\",\"menuType\":\"C\",\"orderNum\":5,\"params\":{},\"parentId\":2072,\"path\":\"activityApplication\",\"perms\":\"/tourism:activityApplication:list\",\"status\":\"0\",\"visible\":\"0\"}', '{\"msg\":\"ж“ҚдҪңжҲҗеҠҹ\",\"code\":200}', '0', '', NULL, 17, '2025-11-17 15:43:42', 0, NULL);
INSERT INTO `sys_oper_log` VALUES (159, 'иҸңеҚ•з®ЎзҗҶ', 2, 'cn.edu.cquet.web.controller.system.SysMenuController.edit()', 'PUT', 1, 'admin', 'з ”еҸ‘йғЁй—Ё', '/system/menu', '127.0.0.1', 'еҶ…зҪ‘IP', '{\"children\":[],\"component\":\"/tourism/activityApplication/index.vue\",\"createBy\":\"admin\",\"createTime\":\"2025-11-17 15:43:42\",\"delFlag\":\"0\",\"icon\":\"color\",\"isCache\":\"0\",\"isFrame\":\"1\",\"menuId\":2077,\"menuName\":\"жҙ»еҠЁе®Ўж ё\",\"menuType\":\"C\",\"orderNum\":5,\"params\":{},\"parentId\":2072,\"path\":\"activityApplication\",\"perms\":\"tourism:activityApplication:list\",\"remark\":\"\",\"routeName\":\"\",\"status\":\"0\",\"updateBy\":\"admin\",\"updateTime\":\"2025-11-17 15:43:50\",\"visible\":\"0\"}', '{\"msg\":\"ж“ҚдҪңжҲҗеҠҹ\",\"code\":200}', '0', '', NULL, 16, '2025-11-17 15:43:50', 0, NULL);
INSERT INTO `sys_oper_log` VALUES (160, 'иҸңеҚ•з®ЎзҗҶ', 1, 'cn.edu.cquet.web.controller.system.SysMenuController.add()', 'POST', 1, 'admin', 'з ”еҸ‘йғЁй—Ё', '/system/menu', '127.0.0.1', 'еҶ…зҪ‘IP', '{\"children\":[],\"component\":\"/tourism/notice/index.vue\",\"createBy\":\"admin\",\"createTime\":\"2025-11-17 15:45:00\",\"delFlag\":\"0\",\"icon\":\"button\",\"isCache\":\"0\",\"isFrame\":\"1\",\"menuId\":2078,\"menuName\":\"йҖҡзҹҘз®ЎзҗҶ\",\"menuType\":\"C\",\"orderNum\":6,\"params\":{},\"parentId\":2072,\"path\":\"notice\",\"perms\":\"tourism:notice:list\",\"status\":\"0\",\"visible\":\"0\"}', '{\"msg\":\"ж“ҚдҪңжҲҗеҠҹ\",\"code\":200}', '0', '', NULL, 16, '2025-11-17 15:45:01', 0, NULL);
INSERT INTO `sys_oper_log` VALUES (161, 'иҸңеҚ•з®ЎзҗҶ', 1, 'cn.edu.cquet.web.controller.system.SysMenuController.add()', 'POST', 1, 'admin', 'з ”еҸ‘йғЁй—Ё', '/system/menu', '127.0.0.1', 'еҶ…зҪ‘IP', '{\"children\":[],\"component\":\"/tourism/facilities/index.vue\",\"createBy\":\"admin\",\"createTime\":\"2025-11-17 15:46:19\",\"delFlag\":\"0\",\"icon\":\"example\",\"isCache\":\"0\",\"isFrame\":\"1\",\"menuId\":2079,\"menuName\":\"и®ҫеӨҮз®ЎзҗҶ\",\"menuType\":\"C\",\"orderNum\":7,\"params\":{},\"parentId\":2072,\"path\":\"facilities\",\"perms\":\"tourism:facilities:list\",\"status\":\"0\",\"visible\":\"0\"}', '{\"msg\":\"ж“ҚдҪңжҲҗеҠҹ\",\"code\":200}', '0', '', NULL, 15, '2025-11-17 15:46:19', 0, NULL);
INSERT INTO `sys_oper_log` VALUES (162, 'зү№иүІжҙ»еҠЁ', 2, 'cn.edu.cquet.tourism.controller.TourismActivityController.approve()', 'POST', 1, 'admin', 'з ”еҸ‘йғЁй—Ё', '/tourism/activity/1/approve', '127.0.0.1', 'еҶ…зҪ‘IP', '{\"opinion\":\"еҸҜд»Ҙзҡ„\"}', '{\"msg\":\"ж“ҚдҪңжҲҗеҠҹ\",\"code\":200}', '0', '', NULL, 23, '2025-11-17 15:46:52', 0, NULL);
INSERT INTO `sys_oper_log` VALUES (163, 'иҸңеҚ•з®ЎзҗҶ', 2, 'cn.edu.cquet.web.controller.system.SysMenuController.edit()', 'PUT', 1, 'admin', 'з ”еҸ‘йғЁй—Ё', '/system/menu', '127.0.0.1', 'еҶ…зҪ‘IP', '{\"children\":[],\"component\":\"/tourism/activityApplication/index.vue\",\"createBy\":\"admin\",\"createTime\":\"2025-11-17 15:43:42\",\"delFlag\":\"0\",\"icon\":\"color\",\"isCache\":\"0\",\"isFrame\":\"1\",\"menuId\":2077,\"menuName\":\"жҙ»еҠЁе®Ўж ё\",\"menuType\":\"C\",\"orderNum\":5,\"params\":{},\"parentId\":2072,\"path\":\"activityApplication\",\"perms\":\"tourism:activity-application:list\",\"remark\":\"\",\"routeName\":\"\",\"status\":\"0\",\"updateBy\":\"admin\",\"updateTime\":\"2025-11-17 15:49:05\",\"visible\":\"0\"}', '{\"msg\":\"ж“ҚдҪңжҲҗеҠҹ\",\"code\":200}', '0', '', NULL, 15, '2025-11-17 15:49:05', 0, NULL);
INSERT INTO `sys_oper_log` VALUES (164, 'иҸңеҚ•з®ЎзҗҶ', 2, 'cn.edu.cquet.web.controller.system.SysMenuController.edit()', 'PUT', 1, 'admin', 'з ”еҸ‘йғЁй—Ё', '/system/menu', '127.0.0.1', 'еҶ…зҪ‘IP', '{\"children\":[],\"component\":\"/tourism/activityApplication/index.vue\",\"createBy\":\"admin\",\"createTime\":\"2025-11-17 15:43:42\",\"delFlag\":\"0\",\"icon\":\"color\",\"isCache\":\"0\",\"isFrame\":\"1\",\"menuId\":2077,\"menuName\":\"жҙ»еҠЁе®Ўж ё\",\"menuType\":\"C\",\"orderNum\":5,\"params\":{},\"parentId\":2072,\"path\":\"activityApplication\",\"perms\":\"tourism:activityApplication:list\",\"remark\":\"\",\"routeName\":\"\",\"status\":\"0\",\"updateBy\":\"admin\",\"updateTime\":\"2025-11-17 15:49:31\",\"visible\":\"0\"}', '{\"msg\":\"ж“ҚдҪңжҲҗеҠҹ\",\"code\":200}', '0', '', NULL, 13, '2025-11-17 15:49:32', 0, NULL);
INSERT INTO `sys_oper_log` VALUES (165, 'иҸңеҚ•з®ЎзҗҶ', 2, 'cn.edu.cquet.web.controller.system.SysMenuController.edit()', 'PUT', 1, 'admin', 'з ”еҸ‘йғЁй—Ё', '/system/menu', '127.0.0.1', 'еҶ…зҪ‘IP', '{\"children\":[],\"component\":\"/tourism/facilities/index.vue\",\"createBy\":\"admin\",\"createTime\":\"2025-11-17 15:46:19\",\"delFlag\":\"0\",\"icon\":\"example\",\"isCache\":\"0\",\"isFrame\":\"1\",\"menuId\":2079,\"menuName\":\"и®ҫеӨҮз®ЎзҗҶ\",\"menuType\":\"C\",\"orderNum\":7,\"params\":{},\"parentId\":2072,\"path\":\"facilities\",\"perms\":\"tourism:facilities:list\",\"remark\":\"\",\"routeName\":\"\",\"status\":\"0\",\"updateBy\":\"admin\",\"updateTime\":\"2025-11-17 15:52:23\",\"visible\":\"0\"}', '{\"msg\":\"ж“ҚдҪңжҲҗеҠҹ\",\"code\":200}', '0', '', NULL, 19, '2025-11-17 15:52:24', 0, NULL);
INSERT INTO `sys_oper_log` VALUES (166, 'иҸңеҚ•з®ЎзҗҶ', 2, 'cn.edu.cquet.web.controller.system.SysMenuController.edit()', 'PUT', 1, 'admin', 'з ”еҸ‘йғЁй—Ё', '/system/menu', '127.0.0.1', 'еҶ…зҪ‘IP', '{\"children\":[],\"component\":\"/tourism/activityApplication/index.vue\",\"createBy\":\"admin\",\"createTime\":\"2025-11-17 15:43:42\",\"delFlag\":\"0\",\"icon\":\"color\",\"isCache\":\"0\",\"isFrame\":\"1\",\"menuId\":2077,\"menuName\":\"жҙ»еҠЁе®Ўж ё\",\"menuType\":\"C\",\"orderNum\":5,\"params\":{},\"parentId\":2072,\"path\":\"activityApplication\",\"perms\":\"tourism:activityApplication:list\",\"remark\":\"\",\"routeName\":\"\",\"status\":\"0\",\"updateBy\":\"admin\",\"updateTime\":\"2025-11-17 15:54:42\",\"visible\":\"0\"}', '{\"msg\":\"ж“ҚдҪңжҲҗеҠҹ\",\"code\":200}', '0', '', NULL, 144, '2025-11-17 15:54:42', 0, NULL);
INSERT INTO `sys_oper_log` VALUES (167, 'и®ҫеӨҮи®ҫж–Ҫз®ЎзҗҶ', 2, 'cn.edu.cquet.tourism.controller.TourismFacilitiesController.edit()', 'PUT', 1, 'admin', 'з ”еҸ‘йғЁй—Ё', '/tourism/facilities', '127.0.0.1', 'еҶ…зҪ‘IP', '{\"facilitiesName\":\"жёёжііжұ \",\"id\":1}', '{\"msg\":\"ж“ҚдҪңжҲҗеҠҹ\",\"code\":200}', '0', '', NULL, 31, '2025-11-17 16:05:15', 0, NULL);
INSERT INTO `sys_oper_log` VALUES (168, 'зү№иүІжҙ»еҠЁз”іжҠҘ', 2, 'cn.edu.cquet.tourism.controller.TourismActivityApplicationController.approve()', 'POST', 1, 'admin', 'з ”еҸ‘йғЁй—Ё', '/tourism/activityApplication/8/approve', '127.0.0.1', 'еҶ…зҪ‘IP', '{\"opinion\":\"еҸҜд»Ҙзҡ„\"}', '{\"msg\":\"ж“ҚдҪңжҲҗеҠҹ\",\"code\":200}', '0', '', NULL, 76, '2025-11-17 16:05:32', 0, NULL);
INSERT INTO `sys_oper_log` VALUES (169, 'зү№иүІжҙ»еҠЁз”іжҠҘ', 2, 'cn.edu.cquet.tourism.controller.TourismActivityApplicationController.reject()', 'POST', 1, 'admin', 'з ”еҸ‘йғЁй—Ё', '/tourism/activityApplication/1/reject', '127.0.0.1', 'еҶ…зҪ‘IP', '{\"reason\":\"жөӢиҜ•\"}', '{\"msg\":\"ж“ҚдҪңжҲҗеҠҹ\",\"code\":200}', '0', '', NULL, 27, '2025-11-17 16:05:41', 0, NULL);
INSERT INTO `sys_oper_log` VALUES (170, 'зү№иүІжҙ»еҠЁ', 2, 'cn.edu.cquet.tourism.controller.TourismActivityController.edit()', 'PUT', 1, 'admin', 'з ”еҸ‘йғЁй—Ё', '/tourism/activity', '127.0.0.1', 'еҶ…зҪ‘IP', '{\"auditReason\":\"жөӢиҜ•\",\"auditStatus\":\"2\",\"auditor\":\"admin\",\"category\":\"ж–ҮеҢ–дҪ“йӘҢ\",\"contactPhone\":\"12344556677\",\"coverImage\":\"1\",\"createBy\":\"\",\"delFlag\":\"0\",\"description\":\"111\",\"endTime\":\"2025-11-15 16:52:48\",\"id\":1,\"name\":\"жөӢиҜ•001\",\"organizer\":\"жөӢиҜ•001\",\"params\":{},\"startTime\":\"2025-11-16 16:52:45\",\"status\":\"0\",\"updateBy\":\"admin\",\"updateTime\":\"2025-11-17 16:07:18\",\"venueId\":1}', '{\"msg\":\"ж“ҚдҪңжҲҗеҠҹ\",\"code\":200}', '0', '', NULL, 49, '2025-11-17 16:07:19', 0, NULL);
INSERT INTO `sys_oper_log` VALUES (171, 'зү№иүІжҙ»еҠЁз”іжҠҘ', 2, 'cn.edu.cquet.tourism.controller.TourismActivityApplicationController.approve()', 'POST', 1, 'admin', 'з ”еҸ‘йғЁй—Ё', '/tourism/activityApplication/8/approve', '127.0.0.1', 'еҶ…зҪ‘IP', '{\"opinion\":\"еҸҜд»Ҙзҡ„\"}', '{\"msg\":\"ж“ҚдҪңжҲҗеҠҹ\",\"code\":200}', '0', '', NULL, 27, '2025-11-17 16:09:34', 0, NULL);
INSERT INTO `sys_oper_log` VALUES (172, 'зү№иүІжҙ»еҠЁ', 2, 'cn.edu.cquet.tourism.controller.TourismActivityController.edit()', 'PUT', 1, 'admin', 'з ”еҸ‘йғЁй—Ё', '/tourism/activity', '127.0.0.1', 'еҶ…зҪ‘IP', '{\"auditReason\":\"жөӢиҜ•\",\"auditStatus\":\"2\",\"auditor\":\"admin\",\"category\":\"ж–ҮеҢ–дҪ“йӘҢ\",\"contactPhone\":\"12344556677\",\"coverImage\":\"1\",\"createBy\":\"\",\"delFlag\":\"0\",\"description\":\"111\",\"endTime\":\"2025-11-15 16:52:48\",\"id\":1,\"name\":\"жөӢиҜ•001\",\"organizer\":\"жөӢиҜ•001\",\"params\":{},\"startTime\":\"2025-11-16 16:52:45\",\"status\":\"0\",\"updateBy\":\"admin\",\"updateTime\":\"2025-11-17 16:10:48\",\"venueId\":1}', '{\"msg\":\"ж“ҚдҪңжҲҗеҠҹ\",\"code\":200}', '0', '', NULL, 17, '2025-11-17 16:10:49', 0, NULL);
INSERT INTO `sys_oper_log` VALUES (173, 'Aзә§жҷҜеҢә', 3, 'cn.edu.cquet.tourism.controller.TourismScenicSpotController.remove()', 'DELETE', 1, 'admin', 'з ”еҸ‘йғЁй—Ё', '/tourism/scenic-spot/22', '127.0.0.1', 'еҶ…зҪ‘IP', '{}', '{\"msg\":\"ж“ҚдҪңжҲҗеҠҹ\",\"code\":200}', '0', '', NULL, 70, '2025-11-18 15:30:55', 0, NULL);
INSERT INTO `sys_oper_log` VALUES (174, 'Aзә§жҷҜеҢә', 1, 'cn.edu.cquet.tourism.controller.TourismScenicSpotController.add()', 'POST', 1, 'admin', 'з ”еҸ‘йғЁй—Ё', '/tourism/scenic-spot', '127.0.0.1', 'еҶ…зҪ‘IP', '{\"address\":\"йҮҚеәҶеёӮ\",\"city\":\"йҮҚеәҶеёӮ\",\"contactPhone\":\"18983432250\",\"createBy\":\"admin\",\"createTime\":\"2025-11-18 15:32:04\",\"delFlag\":\"0\",\"description\":\"и§Јж”ҫзў‘\",\"district\":\"йҮҚеәҶеёӮ\",\"id\":25,\"latitude\":-6,\"level\":\"AAAAA\",\"longitude\":6,\"name\":\"йҮҚеәҶи§Јж”ҫзў‘\",\"openingHours\":\"е…ЁеӨ©\",\"params\":{},\"ticketPrice\":0,\"website\":\"cq.com\"}', '{\"msg\":\"ж“ҚдҪңжҲҗеҠҹ\",\"code\":200}', '0', '', NULL, 47, '2025-11-18 15:32:04', 0, NULL);
INSERT INTO `sys_oper_log` VALUES (175, 'зү№иүІжҙ»еҠЁ', 2, 'cn.edu.cquet.tourism.controller.TourismActivityController.updateStatus()', 'PUT', 1, 'admin', 'з ”еҸ‘йғЁй—Ё', '/tourism/activity/1/status/1', '127.0.0.1', 'еҶ…зҪ‘IP', '1 \"1\"', '{\"msg\":\"ж“ҚдҪңжҲҗеҠҹ\",\"code\":200}', '0', '', NULL, 26, '2025-11-18 15:42:43', 0, NULL);
INSERT INTO `sys_oper_log` VALUES (176, 'зү№иүІжҙ»еҠЁ', 2, 'cn.edu.cquet.tourism.controller.TourismActivityController.updateStatus()', 'PUT', 1, 'admin', 'з ”еҸ‘йғЁй—Ё', '/tourism/activity/1/status/0', '127.0.0.1', 'еҶ…зҪ‘IP', '1 \"0\"', '{\"msg\":\"ж“ҚдҪңжҲҗеҠҹ\",\"code\":200}', '0', '', NULL, 15, '2025-11-18 15:42:46', 0, NULL);
INSERT INTO `sys_oper_log` VALUES (177, 'иҸңеҚ•з®ЎзҗҶ', 2, 'cn.edu.cquet.web.controller.system.SysMenuController.edit()', 'PUT', 1, 'admin', 'з ”еҸ‘йғЁй—Ё', '/system/menu', '127.0.0.1', 'еҶ…зҪ‘IP', '{\"children\":[],\"component\":\"tourism/venue/index\",\"createBy\":\"admin\",\"createTime\":\"2025-11-17 15:30:15\",\"delFlag\":\"0\",\"icon\":\"documentation\",\"isCache\":\"0\",\"isFrame\":\"1\",\"menuId\":2075,\"menuName\":\"еңәйҰҶз®ЎзҗҶ\",\"menuType\":\"C\",\"orderNum\":3,\"params\":{},\"parentId\":2072,\"path\":\"venue\",\"perms\":\"tourism:venue:activity:list\",\"remark\":\"\",\"routeName\":\"\",\"status\":\"0\",\"updateBy\":\"admin\",\"updateTime\":\"2025-11-18 16:01:07\",\"visible\":\"0\"}', '{\"msg\":\"ж“ҚдҪңжҲҗеҠҹ\",\"code\":200}', '0', '', NULL, 68, '2025-11-18 16:01:07', 0, NULL);
INSERT INTO `sys_oper_log` VALUES (178, 'еңәйҰҶз®ЎзҗҶ', 3, 'cn.edu.cquet.tourism.controller.tourismVenueController.remove()', 'DELETE', 1, 'admin', 'з ”еҸ‘йғЁй—Ё', '/tourism/venue/4', '127.0.0.1', 'еҶ…зҪ‘IP', '{}', '{\"msg\":\"ж“ҚдҪңжҲҗеҠҹ\",\"code\":200}', '0', '', NULL, 46, '2025-11-18 16:06:22', 0, NULL);
INSERT INTO `sys_oper_log` VALUES (179, 'еңәйҰҶз®ЎзҗҶ', 3, 'cn.edu.cquet.tourism.controller.tourismVenueController.remove()', 'DELETE', 1, 'admin', 'з ”еҸ‘йғЁй—Ё', '/tourism/venue/6', '127.0.0.1', 'еҶ…зҪ‘IP', '{}', '{\"msg\":\"ж“ҚдҪңжҲҗеҠҹ\",\"code\":200}', '0', '', NULL, 24, '2025-11-18 16:06:24', 0, NULL);
INSERT INTO `sys_oper_log` VALUES (180, 'еңәйҰҶз®ЎзҗҶ', 2, 'cn.edu.cquet.tourism.controller.tourismVenueController.edit()', 'PUT', 1, 'admin', 'з ”еҸ‘йғЁй—Ё', '/tourism/venue', '127.0.0.1', 'еҶ…зҪ‘IP', '{\"id\":1,\"params\":{},\"status\":\"1\",\"updateBy\":\"admin\",\"updateTime\":\"2025-11-18 16:07:35\"}', '{\"msg\":\"ж“ҚдҪңжҲҗеҠҹ\",\"code\":200}', '0', '', NULL, 79, '2025-11-18 16:07:35', 0, NULL);
INSERT INTO `sys_oper_log` VALUES (181, 'еңәйҰҶз®ЎзҗҶ', 2, 'cn.edu.cquet.tourism.controller.tourismVenueController.edit()', 'PUT', 1, 'admin', 'з ”еҸ‘йғЁй—Ё', '/tourism/venue', '127.0.0.1', 'еҶ…зҪ‘IP', '{\"id\":1,\"params\":{},\"status\":\"0\",\"updateBy\":\"admin\",\"updateTime\":\"2025-11-18 16:07:38\"}', '{\"msg\":\"ж“ҚдҪңжҲҗеҠҹ\",\"code\":200}', '0', '', NULL, 31, '2025-11-18 16:07:39', 0, NULL);
INSERT INTO `sys_oper_log` VALUES (182, 'зү№иүІжҙ»еҠЁ', 2, 'cn.edu.cquet.tourism.controller.TourismActivityController.updateStatus()', 'PUT', 1, 'admin', 'з ”еҸ‘йғЁй—Ё', '/tourism/activity/8/status/1', '127.0.0.1', 'еҶ…зҪ‘IP', '8 \"1\"', '{\"msg\":\"ж“ҚдҪңжҲҗеҠҹ\",\"code\":200}', '0', '', NULL, 53, '2025-11-18 16:08:09', 0, NULL);
INSERT INTO `sys_oper_log` VALUES (183, 'зү№иүІжҙ»еҠЁ', 2, 'cn.edu.cquet.tourism.controller.TourismActivityController.updateStatus()', 'PUT', 1, 'admin', 'з ”еҸ‘йғЁй—Ё', '/tourism/activity/7/status/1', '127.0.0.1', 'еҶ…зҪ‘IP', '7 \"1\"', '{\"msg\":\"ж“ҚдҪңжҲҗеҠҹ\",\"code\":200}', '0', '', NULL, 22, '2025-11-18 16:08:15', 0, NULL);
INSERT INTO `sys_oper_log` VALUES (184, 'зү№иүІжҙ»еҠЁ', 2, 'cn.edu.cquet.tourism.controller.TourismActivityController.updateStatus()', 'PUT', 1, 'admin', 'з ”еҸ‘йғЁй—Ё', '/tourism/activity/1/status/1', '127.0.0.1', 'еҶ…зҪ‘IP', '1 \"1\"', '{\"msg\":\"ж“ҚдҪңжҲҗеҠҹ\",\"code\":200}', '0', '', NULL, 17, '2025-11-18 16:08:17', 0, NULL);
INSERT INTO `sys_oper_log` VALUES (185, 'зү№иүІжҙ»еҠЁ', 2, 'cn.edu.cquet.tourism.controller.TourismActivityController.updateStatus()', 'PUT', 1, 'admin', 'з ”еҸ‘йғЁй—Ё', '/tourism/activity/8/status/0', '127.0.0.1', 'еҶ…зҪ‘IP', '8 \"0\"', '{\"msg\":\"ж“ҚдҪңжҲҗеҠҹ\",\"code\":200}', '0', '', NULL, 27, '2025-11-18 16:10:57', 0, NULL);
INSERT INTO `sys_oper_log` VALUES (186, 'зү№иүІжҙ»еҠЁ', 2, 'cn.edu.cquet.tourism.controller.TourismActivityController.updateStatus()', 'PUT', 1, 'admin', 'з ”еҸ‘йғЁй—Ё', '/tourism/activity/8/status/1', '127.0.0.1', 'еҶ…зҪ‘IP', '8 \"1\"', '{\"msg\":\"ж“ҚдҪңжҲҗеҠҹ\",\"code\":200}', '0', '', NULL, 16, '2025-11-18 16:11:04', 0, NULL);
INSERT INTO `sys_oper_log` VALUES (187, 'зү№иүІжҙ»еҠЁз”іжҠҘ', 2, 'cn.edu.cquet.tourism.controller.TourismActivityApplicationController.approve()', 'POST', 1, 'admin', 'з ”еҸ‘йғЁй—Ё', '/tourism/activityApplication/7/approve', '127.0.0.1', 'еҶ…зҪ‘IP', '{\"opinion\":\"еҸҜд»Ҙ\"}', '{\"msg\":\"ж“ҚдҪңжҲҗеҠҹ\",\"code\":200}', '0', '', NULL, 32, '2025-11-18 16:11:14', 0, NULL);
INSERT INTO `sys_oper_log` VALUES (188, 'еңәйҰҶз®ЎзҗҶ', 3, 'cn.edu.cquet.tourism.controller.tourismVenueController.remove()', 'DELETE', 1, 'admin', 'з ”еҸ‘йғЁй—Ё', '/tourism/venue/1', '127.0.0.1', 'еҶ…зҪ‘IP', '{}', '{\"msg\":\"ж“ҚдҪңжҲҗеҠҹ\",\"code\":200}', '0', '', NULL, 28, '2025-11-18 16:11:26', 0, NULL);
INSERT INTO `sys_oper_log` VALUES (189, 'еңәйҰҶз®ЎзҗҶ', 3, 'cn.edu.cquet.tourism.controller.tourismVenueController.remove()', 'DELETE', 1, 'admin', 'з ”еҸ‘йғЁй—Ё', '/tourism/venue/2', '127.0.0.1', 'еҶ…зҪ‘IP', '{}', '{\"msg\":\"ж“ҚдҪңжҲҗеҠҹ\",\"code\":200}', '0', '', NULL, 35, '2025-11-18 16:11:28', 0, NULL);
INSERT INTO `sys_oper_log` VALUES (190, 'зү№иүІжҙ»еҠЁ', 3, 'cn.edu.cquet.tourism.controller.TourismActivityController.remove()', 'DELETE', 1, 'admin', 'з ”еҸ‘йғЁй—Ё', '/tourism/activity/1', '127.0.0.1', 'еҶ…зҪ‘IP', '{}', '{\"msg\":\"ж“ҚдҪңжҲҗеҠҹ\",\"code\":200}', '0', '', NULL, 19, '2025-11-18 16:17:54', 0, NULL);
INSERT INTO `sys_oper_log` VALUES (191, 'зү№иүІжҙ»еҠЁ', 3, 'cn.edu.cquet.tourism.controller.TourismActivityController.remove()', 'DELETE', 1, 'admin', 'з ”еҸ‘йғЁй—Ё', '/tourism/activity/7', '127.0.0.1', 'еҶ…зҪ‘IP', '{}', '{\"msg\":\"ж“ҚдҪңжҲҗеҠҹ\",\"code\":200}', '0', '', NULL, 18, '2025-11-18 16:17:56', 0, NULL);
INSERT INTO `sys_oper_log` VALUES (192, 'зү№иүІжҙ»еҠЁ', 3, 'cn.edu.cquet.tourism.controller.TourismActivityController.remove()', 'DELETE', 1, 'admin', 'з ”еҸ‘йғЁй—Ё', '/tourism/activity/8', '127.0.0.1', 'еҶ…зҪ‘IP', '{}', '{\"msg\":\"ж“ҚдҪңжҲҗеҠҹ\",\"code\":200}', '0', '', NULL, 13, '2025-11-18 16:17:57', 0, NULL);
INSERT INTO `sys_oper_log` VALUES (193, 'еңәйҰҶз®ЎзҗҶ', 1, 'cn.edu.cquet.tourism.controller.tourismVenueController.add()', 'POST', 1, 'admin', 'з ”еҸ‘йғЁй—Ё', '/tourism/venue', '127.0.0.1', 'еҶ…зҪ‘IP', '{\"address\":\"йҮҚеәҶеёӮ\",\"bookingRequired\":\"0\",\"capacity\":0,\"category\":\"ж–Үж—…\",\"city\":\"йҮҚеәҶеёӮ\",\"createBy\":\"admin\",\"createTime\":\"2025-11-18 16:28:46\",\"delFlag\":\"0\",\"description\":\"и§Јж”ҫзў‘з§‘жҠҖ\",\"district\":\"йҮҚеәҶеёӮ\",\"id\":7,\"latitude\":-6,\"longitude\":6,\"name\":\"з§‘жҠҖйҰҶ\",\"openingHours\":\"дёӢеҚҲ\",\"params\":{},\"ticketPrice\":4}', '{\"msg\":\"ж“ҚдҪңжҲҗеҠҹ\",\"code\":200,\"data\":{\"address\":\"йҮҚеәҶеёӮ\",\"bookingRequired\":\"0\",\"capacity\":0,\"category\":\"ж–Үж—…\",\"city\":\"йҮҚеәҶеёӮ\",\"createBy\":\"admin\",\"createTime\":\"2025-11-18 16:28:46\",\"delFlag\":\"0\",\"description\":\"и§Јж”ҫзў‘з§‘жҠҖ\",\"district\":\"йҮҚеәҶеёӮ\",\"id\":7,\"latitude\":-6,\"longitude\":6,\"name\":\"з§‘жҠҖйҰҶ\",\"openingHours\":\"дёӢеҚҲ\",\"params\":{},\"ticketPrice\":4}}', '0', '', NULL, 102, '2025-11-18 16:28:46', 0, NULL);
INSERT INTO `sys_oper_log` VALUES (194, 'зү№иүІжҙ»еҠЁ', 1, 'cn.edu.cquet.tourism.controller.TourismActivityController.add()', 'POST', 1, 'admin', 'з ”еҸ‘йғЁй—Ё', '/tourism/activity', '127.0.0.1', 'еҶ…зҪ‘IP', '{\"auditStatus\":\"0\",\"category\":\"жҳҜзҡ„\",\"contactPhone\":\"5562+\",\"createBy\":\"admin\",\"createTime\":\"2025-11-18 16:31:28\",\"delFlag\":\"0\",\"endTime\":\"2025-11-21 00:00:00\",\"id\":9,\"name\":\"еЈ«еӨ§еӨ«\",\"params\":{},\"startTime\":\"2025-11-18 16:31:27\",\"venueId\":7}', '{\"msg\":\"ж“ҚдҪңжҲҗеҠҹ\",\"code\":200}', '0', '', NULL, 22, '2025-11-18 16:31:29', 0, NULL);
INSERT INTO `sys_oper_log` VALUES (195, 'зү№иүІжҙ»еҠЁз”іжҠҘ', 2, 'cn.edu.cquet.tourism.controller.TourismActivityApplicationController.approve()', 'POST', 1, 'admin', 'з ”еҸ‘йғЁй—Ё', '/tourism/activityApplication/9/approve', '127.0.0.1', 'еҶ…зҪ‘IP', '9', '{\"msg\":\"ж“ҚдҪңжҲҗеҠҹ\",\"code\":200}', '0', '', NULL, 24, '2025-11-18 16:31:47', 0, NULL);
INSERT INTO `sys_oper_log` VALUES (196, 'еңәйҰҶз®ЎзҗҶ', 1, 'cn.edu.cquet.tourism.controller.tourismVenueController.add()', 'POST', 1, 'admin', 'з ”еҸ‘йғЁй—Ё', '/tourism/venue', '127.0.0.1', 'еҶ…зҪ‘IP', '{\"address\":\"йҮҚеәҶеёӮ\",\"bookingRequired\":\"0\",\"capacity\":0,\"category\":\"й…’еә—\",\"city\":\"йҮҚеәҶеёӮ\",\"createBy\":\"admin\",\"createTime\":\"2025-11-18 16:32:27\",\"delFlag\":\"0\",\"district\":\"йҮҚеәҶеёӮ\",\"id\":8,\"latitude\":-6,\"longitude\":6,\"name\":\"е°ұи®ўе•Ҡ\",\"params\":{},\"ticketPrice\":0}', '{\"msg\":\"ж“ҚдҪңжҲҗеҠҹ\",\"code\":200,\"data\":{\"address\":\"йҮҚеәҶеёӮ\",\"bookingRequired\":\"0\",\"capacity\":0,\"category\":\"й…’еә—\",\"city\":\"йҮҚеәҶеёӮ\",\"createBy\":\"admin\",\"createTime\":\"2025-11-18 16:32:27\",\"delFlag\":\"0\",\"district\":\"йҮҚеәҶеёӮ\",\"id\":8,\"latitude\":-6,\"longitude\":6,\"name\":\"е°ұи®ўе•Ҡ\",\"params\":{},\"ticketPrice\":0}}', '0', '', NULL, 21, '2025-11-18 16:32:27', 0, NULL);
INSERT INTO `sys_oper_log` VALUES (197, 'Aзә§жҷҜеҢә', 2, 'cn.edu.cquet.tourism.controller.TourismScenicSpotController.update()', 'PUT', 1, 'admin', 'з ”еҸ‘йғЁй—Ё', '/tourism/scenic-spot', '127.0.0.1', 'еҶ…зҪ‘IP', '{\"address\":\"йҮҚеәҶеёӮ\",\"city\":\"йҮҚеәҶеёӮ\",\"collectionCount\":0,\"contactPhone\":\"18983432250\",\"coverImage\":\"\",\"createBy\":\"admin\",\"createTime\":\"2025-11-18 15:32:04\",\"delFlag\":\"0\",\"description\":\"и§Јж”ҫзў‘\",\"district\":\"йҮҚеәҶеёӮ\",\"id\":25,\"latitude\":-6,\"level\":\"AAAAA\",\"longitude\":6,\"name\":\"йҮҚеәҶи§Јж”ҫзў‘\",\"openingHours\":\"е…ЁеӨ©\",\"params\":{},\"status\":\"0\",\"ticketPrice\":0,\"updateBy\":\"admin\",\"updateTime\":\"2025-11-18 17:08:57\",\"viewCount\":0,\"website\":\"cq.com\"}', '{\"msg\":\"ж“ҚдҪңжҲҗеҠҹ\",\"code\":200}', '0', '', NULL, 27, '2025-11-18 17:08:58', 0, NULL);
INSERT INTO `sys_oper_log` VALUES (198, 'еӣҫзүҮз®ЎзҗҶ', 1, 'cn.edu.cquet.tourism.controller.TourismImageController.addBatch()', 'POST', 1, 'admin', 'з ”еҸ‘йғЁй—Ё', '/tourism/images/batch', '127.0.0.1', 'еҶ…зҪ‘IP', '[\"https://ts2.tc.mm.bing.net/th/id/OIP-C.QSb7FtM8GaCgiGC-jD7IawHaEK?rs=1&pid=ImgDetMain&o=7&rm=3\"]', '{\"msg\":\"ж“ҚдҪңжҲҗеҠҹ\",\"code\":200,\"data\":[{\"id\":6,\"url\":\"https://ts2.tc.mm.bing.net/th/id/OIP-C.QSb7FtM8GaCgiGC-jD7IawHaEK?rs=1&pid=ImgDetMain&o=7&rm=3\"}]}', '0', '', NULL, 16, '2025-11-18 17:08:58', 0, NULL);
INSERT INTO `sys_oper_log` VALUES (199, 'еңәйҰҶз®ЎзҗҶ', 2, 'cn.edu.cquet.tourism.controller.tourismVenueController.edit()', 'PUT', 1, 'admin', 'з ”еҸ‘йғЁй—Ё', '/tourism/venue', '127.0.0.1', 'еҶ…зҪ‘IP', '{\"address\":\"йҮҚеәҶеёӮ\",\"bookingRequired\":\"0\",\"capacity\":0,\"category\":\"ж–Үж—…\",\"city\":\"йҮҚеәҶеёӮ\",\"collectionCount\":0,\"contactPhone\":\"18983432250\",\"coverImage\":\"\",\"createBy\":\"admin\",\"createTime\":\"2025-11-18 16:28:46\",\"delFlag\":\"0\",\"description\":\"и§Јж”ҫзў‘з§‘жҠҖ\",\"district\":\"йҮҚеәҶеёӮ\",\"id\":7,\"latitude\":-6,\"longitude\":6,\"name\":\"з§‘жҠҖйҰҶ\",\"openingHours\":\"дёӢеҚҲ\",\"params\":{},\"status\":\"0\",\"ticketPrice\":4,\"updateBy\":\"admin\",\"updateTime\":\"2025-11-18 17:09:42\",\"viewCount\":0,\"website\":\"\"}', '{\"msg\":\"ж“ҚдҪңжҲҗеҠҹ\",\"code\":200}', '0', '', NULL, 21, '2025-11-18 17:09:43', 0, NULL);
INSERT INTO `sys_oper_log` VALUES (200, 'еӣҫзүҮз®ЎзҗҶ', 1, 'cn.edu.cquet.tourism.controller.TourismImageController.addBatch()', 'POST', 1, 'admin', 'з ”еҸ‘йғЁй—Ё', '/tourism/images/batch', '127.0.0.1', 'еҶ…зҪ‘IP', '[\"https://ts2.tc.mm.bing.net/th/id/OIP-C.QSb7FtM8GaCgiGC-jD7IawHaEK?rs=1&pid=ImgDetMain&o=7&rm=3\"]', '{\"msg\":\"ж“ҚдҪңжҲҗеҠҹ\",\"code\":200,\"data\":[{\"id\":7,\"url\":\"https://ts2.tc.mm.bing.net/th/id/OIP-C.QSb7FtM8GaCgiGC-jD7IawHaEK?rs=1&pid=ImgDetMain&o=7&rm=3\"}]}', '0', '', NULL, 13, '2025-11-18 17:09:43', 0, NULL);
INSERT INTO `sys_oper_log` VALUES (201, 'Aзә§жҷҜеҢә', 1, 'cn.edu.cquet.tourism.controller.TourismScenicSpotController.add()', 'POST', 1, 'admin', 'з ”еҸ‘йғЁй—Ё', '/tourism/scenic-spot', '127.0.0.1', 'еҶ…зҪ‘IP', '{\"address\":\"еҪ©иүІ\",\"city\":\"жөӢиҜ•\",\"coverImage\":\"/profile/upload/2025/11/18/mmexport1762929757923_20251118172249A001.jpeg\",\"createBy\":\"admin\",\"createTime\":\"2025-11-18 17:23:13\",\"delFlag\":\"0\",\"id\":26,\"latitude\":3,\"level\":\"A\",\"longitude\":3,\"name\":\"жөӢиҜ•\",\"openingHours\":\"жөӢиҜ•\",\"params\":{},\"ticketPrice\":0}', '{\"msg\":\"ж“ҚдҪңжҲҗеҠҹ\",\"code\":200}', '0', '', NULL, 17, '2025-11-18 17:23:13', 0, NULL);
INSERT INTO `sys_oper_log` VALUES (202, 'Aзә§жҷҜеҢә', 1, 'cn.edu.cquet.tourism.controller.TourismScenicSpotController.add()', 'POST', 1, 'admin', 'з ”еҸ‘йғЁй—Ё', '/tourism/scenic-spot', '127.0.0.1', 'еҶ…зҪ‘IP', '{\"address\":\"еҪ©иүІ\",\"city\":\"жөӢиҜ•\",\"coverImage\":\"/profile/upload/2025/11/18/mmexport1762929757923_20251118172249A001.jpeg\",\"latitude\":3,\"level\":\"A\",\"longitude\":3,\"name\":\"жөӢиҜ•\",\"openingHours\":\"жөӢиҜ•\",\"params\":{},\"ticketPrice\":0}', '{\"msg\":\"жҷҜеҢәеҗҚз§°е·ІеӯҳеңЁ\",\"code\":601}', '0', '', NULL, 8, '2025-11-18 17:23:19', 0, NULL);
INSERT INTO `sys_oper_log` VALUES (203, 'Aзә§жҷҜеҢә', 1, 'cn.edu.cquet.tourism.controller.TourismScenicSpotController.add()', 'POST', 1, 'admin', 'з ”еҸ‘йғЁй—Ё', '/tourism/scenic-spot', '127.0.0.1', 'еҶ…зҪ‘IP', '{\"address\":\"еҪ©иүІ\",\"city\":\"жөӢиҜ•\",\"coverImage\":\"/profile/upload/2025/11/18/mmexport1762929757923_20251118172249A001.jpeg\",\"createBy\":\"admin\",\"createTime\":\"2025-11-18 17:23:23\",\"delFlag\":\"0\",\"id\":27,\"latitude\":3,\"level\":\"A\",\"longitude\":3,\"name\":\"жөӢиҜ•жөӢиҜ•\",\"openingHours\":\"жөӢиҜ•\",\"params\":{},\"ticketPrice\":0}', '{\"msg\":\"ж“ҚдҪңжҲҗеҠҹ\",\"code\":200}', '0', '', NULL, 19, '2025-11-18 17:23:23', 0, NULL);
INSERT INTO `sys_oper_log` VALUES (204, 'Aзә§жҷҜеҢә', 3, 'cn.edu.cquet.tourism.controller.TourismScenicSpotController.remove()', 'DELETE', 1, 'admin', 'з ”еҸ‘йғЁй—Ё', '/tourism/scenic-spot/27', '127.0.0.1', 'еҶ…зҪ‘IP', '{}', '{\"msg\":\"ж“ҚдҪңжҲҗеҠҹ\",\"code\":200}', '0', '', NULL, 30, '2025-11-18 17:29:01', 0, NULL);
INSERT INTO `sys_oper_log` VALUES (205, 'Aзә§жҷҜеҢә', 2, 'cn.edu.cquet.tourism.controller.TourismScenicSpotController.update()', 'PUT', 1, 'admin', 'з ”еҸ‘йғЁй—Ё', '/tourism/scenic-spot', '127.0.0.1', 'еҶ…зҪ‘IP', '{\"address\":\"еҪ©иүІ\",\"city\":\"жөӢиҜ•\",\"collectionCount\":0,\"contactPhone\":\"\",\"coverImage\":\"/profile/upload/2025/11/18/mmexport1762929757923_20251118172249A001.jpeg\",\"createBy\":\"admin\",\"createTime\":\"2025-11-18 17:23:13\",\"delFlag\":\"0\",\"district\":\"\",\"id\":26,\"latitude\":3,\"level\":\"A\",\"longitude\":3,\"name\":\"жөӢиҜ•\",\"openingHours\":\"жөӢиҜ•\",\"params\":{},\"status\":\"0\",\"ticketPrice\":0,\"updateBy\":\"admin\",\"updateTime\":\"2025-11-18 17:29:10\",\"viewCount\":0,\"website\":\"\"}', '{\"msg\":\"ж“ҚдҪңжҲҗеҠҹ\",\"code\":200}', '0', '', NULL, 19, '2025-11-18 17:29:11', 0, NULL);
INSERT INTO `sys_oper_log` VALUES (206, 'еӣҫзүҮз®ЎзҗҶ', 1, 'cn.edu.cquet.tourism.controller.TourismImageController.addBatch()', 'POST', 1, 'admin', 'з ”еҸ‘йғЁй—Ё', '/tourism/images/batch', '127.0.0.1', 'еҶ…зҪ‘IP', '[\"/profile/upload/2025/11/18/еӨҙеғҸ_20251118172905A001.png\",\"/profile/upload/2025/11/18/жңӘж Үйўҳ-1_20251118172908A002.png\"]', '{\"msg\":\"ж“ҚдҪңжҲҗеҠҹ\",\"code\":200,\"data\":[{\"id\":8,\"url\":\"/profile/upload/2025/11/18/еӨҙеғҸ_20251118172905A001.png\"},{\"id\":9,\"url\":\"/profile/upload/2025/11/18/жңӘж Үйўҳ-1_20251118172908A002.png\"}]}', '0', '', NULL, 16, '2025-11-18 17:29:11', 0, NULL);
INSERT INTO `sys_oper_log` VALUES (207, 'Aзә§жҷҜеҢә', 2, 'cn.edu.cquet.tourism.controller.TourismScenicSpotController.update()', 'PUT', 1, 'admin', 'з ”еҸ‘йғЁй—Ё', '/tourism/scenic-spot', '127.0.0.1', 'еҶ…зҪ‘IP', '{\"address\":\"еҪ©иүІ\",\"city\":\"жөӢиҜ•\",\"collectionCount\":0,\"contactPhone\":\"\",\"coverImage\":\"/profile/upload/2025/11/18/mmexport1762929757923_20251118172249A001.jpeg\",\"createBy\":\"admin\",\"createTime\":\"2025-11-18 17:23:13\",\"delFlag\":\"0\",\"district\":\"\",\"id\":26,\"latitude\":3,\"level\":\"A\",\"longitude\":3,\"name\":\"жөӢиҜ•\",\"openingHours\":\"жөӢиҜ•\",\"params\":{},\"status\":\"0\",\"ticketPrice\":0,\"updateBy\":\"admin\",\"updateTime\":\"2025-11-18 18:10:59\",\"viewCount\":0,\"website\":\"\"}', '{\"msg\":\"ж“ҚдҪңжҲҗеҠҹ\",\"code\":200}', '0', '', NULL, 18, '2025-11-18 18:10:59', 0, NULL);
INSERT INTO `sys_oper_log` VALUES (208, 'еӣҫзүҮз®ЎзҗҶ', 1, 'cn.edu.cquet.tourism.controller.TourismImageController.addBatch()', 'POST', 1, 'admin', 'з ”еҸ‘йғЁй—Ё', '/tourism/images/batch', '127.0.0.1', 'еҶ…зҪ‘IP', '[\"/profile/upload/2025/11/18/жңӘж Үйўҳ-1_20251118172908A002.png\"]', '{\"msg\":\"ж“ҚдҪңжҲҗеҠҹ\",\"code\":200,\"data\":[{\"id\":10,\"url\":\"/profile/upload/2025/11/18/жңӘж Үйўҳ-1_20251118172908A002.png\"}]}', '0', '', NULL, 12, '2025-11-18 18:11:00', 0, NULL);
INSERT INTO `sys_oper_log` VALUES (209, 'Aзә§жҷҜеҢә', 3, 'cn.edu.cquet.tourism.controller.TourismScenicSpotController.remove()', 'DELETE', 1, 'admin', 'з ”еҸ‘йғЁй—Ё', '/tourism/scenic-spot/26', '127.0.0.1', 'еҶ…зҪ‘IP', '{}', '{\"msg\":\"ж“ҚдҪңжҲҗеҠҹ\",\"code\":200}', '0', '', NULL, 20, '2025-11-18 18:11:13', 0, NULL);
INSERT INTO `sys_oper_log` VALUES (210, 'Aзә§жҷҜеҢә', 2, 'cn.edu.cquet.tourism.controller.TourismScenicSpotController.update()', 'PUT', 1, 'admin', 'з ”еҸ‘йғЁй—Ё', '/tourism/scenic-spot', '127.0.0.1', 'еҶ…зҪ‘IP', '{\"address\":\"йҮҚеәҶеёӮ\",\"city\":\"йҮҚеәҶеёӮ\",\"collectionCount\":0,\"contactPhone\":\"18983432250\",\"coverImage\":\"/profile/upload/2025/11/18/жңӘж Үйўҳ-1_20251118181325A003.png\",\"createBy\":\"admin\",\"createTime\":\"2025-11-18 15:32:04\",\"delFlag\":\"0\",\"description\":\"и§Јж”ҫзў‘\",\"district\":\"йҮҚеәҶеёӮ\",\"id\":25,\"latitude\":-6,\"level\":\"AAAAA\",\"longitude\":6,\"name\":\"йҮҚеәҶи§Јж”ҫзў‘\",\"openingHours\":\"е…ЁеӨ©\",\"params\":{},\"status\":\"0\",\"ticketPrice\":0,\"updateBy\":\"admin\",\"updateTime\":\"2025-11-18 18:13:31\",\"viewCount\":0,\"website\":\"cq.com\"}', '{\"msg\":\"ж“ҚдҪңжҲҗеҠҹ\",\"code\":200}', '0', '', NULL, 19, '2025-11-18 18:13:31', 0, NULL);
INSERT INTO `sys_oper_log` VALUES (211, 'еӣҫзүҮз®ЎзҗҶ', 1, 'cn.edu.cquet.tourism.controller.TourismImageController.addBatch()', 'POST', 1, 'admin', 'з ”еҸ‘йғЁй—Ё', '/tourism/images/batch', '127.0.0.1', 'еҶ…зҪ‘IP', '[\"/profile/upload/2025/11/18/еӨҙеғҸ_20251118181329A004.png\"]', '{\"msg\":\"ж“ҚдҪңжҲҗеҠҹ\",\"code\":200,\"data\":[{\"id\":11,\"url\":\"/profile/upload/2025/11/18/еӨҙеғҸ_20251118181329A004.png\"}]}', '0', '', NULL, 18, '2025-11-18 18:13:32', 0, NULL);
INSERT INTO `sys_oper_log` VALUES (212, 'еңәйҰҶз®ЎзҗҶ', 2, 'cn.edu.cquet.tourism.controller.tourismVenueController.edit()', 'PUT', 1, 'admin', 'з ”еҸ‘йғЁй—Ё', '/tourism/venue', '127.0.0.1', 'еҶ…зҪ‘IP', '{\"address\":\"йҮҚеәҶеёӮ\",\"bookingRequired\":\"0\",\"capacity\":0,\"category\":\"ж–Үж—…\",\"city\":\"йҮҚеәҶеёӮ\",\"collectionCount\":0,\"contactPhone\":\"18983432250\",\"coverImage\":\"/profile/upload/2025/11/18/жңӘж Үйўҳ-1_20251118181611A005.png\",\"createBy\":\"admin\",\"createTime\":\"2025-11-18 16:28:46\",\"delFlag\":\"0\",\"description\":\"и§Јж”ҫзў‘з§‘жҠҖ\",\"district\":\"йҮҚеәҶеёӮ\",\"id\":7,\"latitude\":-6,\"longitude\":6,\"name\":\"з§‘жҠҖйҰҶ\",\"openingHours\":\"дёӢеҚҲ\",\"params\":{},\"status\":\"0\",\"ticketPrice\":4,\"updateBy\":\"admin\",\"updateTime\":\"2025-11-18 18:16:18\",\"viewCount\":0,\"website\":\"\"}', '{\"msg\":\"ж“ҚдҪңжҲҗеҠҹ\",\"code\":200}', '0', '', NULL, 40, '2025-11-18 18:16:19', 0, NULL);
INSERT INTO `sys_oper_log` VALUES (213, 'еӣҫзүҮз®ЎзҗҶ', 1, 'cn.edu.cquet.tourism.controller.TourismImageController.addBatch()', 'POST', 1, 'admin', 'з ”еҸ‘йғЁй—Ё', '/tourism/images/batch', '127.0.0.1', 'еҶ…зҪ‘IP', '[\"/profile/upload/2025/11/18/еӨҙеғҸ_20251118181617A006.png\"]', '{\"msg\":\"ж“ҚдҪңжҲҗеҠҹ\",\"code\":200,\"data\":[{\"id\":12,\"url\":\"/profile/upload/2025/11/18/еӨҙеғҸ_20251118181617A006.png\"}]}', '0', '', NULL, 18, '2025-11-18 18:16:19', 0, NULL);
INSERT INTO `sys_oper_log` VALUES (214, 'Aзә§жҷҜеҢә', 2, 'cn.edu.cquet.tourism.controller.TourismScenicSpotController.update()', 'PUT', 1, 'admin', 'з ”еҸ‘йғЁй—Ё', '/tourism/scenic-spot', '127.0.0.1', 'еҶ…зҪ‘IP', '{\"address\":\"йҮҚеәҶеёӮ\",\"city\":\"йҮҚеәҶеёӮ\",\"collectionCount\":0,\"contactPhone\":\"18983432250\",\"coverImage\":\"/profile/upload/2025/11/18/жңӘж Үйўҳ-1_20251118181325A003.png\",\"createBy\":\"admin\",\"createTime\":\"2025-11-18 15:32:04\",\"delFlag\":\"0\",\"description\":\"и§Јж”ҫзў‘\",\"district\":\"йҮҚеәҶеёӮ\",\"id\":25,\"latitude\":-6,\"level\":\"AAAAA\",\"longitude\":6,\"name\":\"йҮҚеәҶи§Јж”ҫзў‘\",\"openingHours\":\"е…ЁеӨ©\",\"params\":{},\"status\":\"0\",\"ticketPrice\":0,\"updateBy\":\"admin\",\"updateTime\":\"2025-11-18 18:22:14\",\"viewCount\":0,\"website\":\"cq.com\"}', '{\"msg\":\"ж“ҚдҪңжҲҗеҠҹ\",\"code\":200}', '0', '', NULL, 18, '2025-11-18 18:22:14', 0, NULL);
INSERT INTO `sys_oper_log` VALUES (215, 'еӣҫзүҮз®ЎзҗҶ', 1, 'cn.edu.cquet.tourism.controller.TourismImageController.addBatch()', 'POST', 1, 'admin', 'з ”еҸ‘йғЁй—Ё', '/tourism/images/batch', '127.0.0.1', 'еҶ…зҪ‘IP', '[\"/profile/upload/2025/11/18/еӨҙеғҸ_20251118181329A004.png\",\"/profile/upload/2025/11/18/еӨҙеғҸ_20251118182212A007.png\"]', '{\"msg\":\"ж“ҚдҪңжҲҗеҠҹ\",\"code\":200,\"data\":[{\"id\":13,\"url\":\"/profile/upload/2025/11/18/еӨҙеғҸ_20251118181329A004.png\"},{\"id\":14,\"url\":\"/profile/upload/2025/11/18/еӨҙеғҸ_20251118182212A007.png\"}]}', '0', '', NULL, 22, '2025-11-18 18:22:15', 0, NULL);
INSERT INTO `sys_oper_log` VALUES (216, 'Aзә§жҷҜеҢә', 2, 'cn.edu.cquet.tourism.controller.TourismScenicSpotController.update()', 'PUT', 1, 'admin', 'з ”еҸ‘йғЁй—Ё', '/tourism/scenic-spot', '127.0.0.1', 'еҶ…зҪ‘IP', '{\"address\":\"йҮҚеәҶеёӮ\",\"city\":\"йҮҚеәҶеёӮ\",\"collectionCount\":0,\"contactPhone\":\"18983432250\",\"coverImage\":\"/profile/upload/2025/11/18/жңӘж Үйўҳ-1_20251118181325A003.png\",\"createBy\":\"admin\",\"createTime\":\"2025-11-18 15:32:04\",\"delFlag\":\"0\",\"description\":\"и§Јж”ҫзў‘\",\"district\":\"йҮҚеәҶеёӮ\",\"id\":25,\"latitude\":-6,\"level\":\"AAAAA\",\"longitude\":6,\"name\":\"йҮҚеәҶи§Јж”ҫзў‘\",\"openingHours\":\"е…ЁеӨ©\",\"params\":{},\"status\":\"0\",\"ticketPrice\":0,\"updateBy\":\"admin\",\"updateTime\":\"2025-11-18 18:22:21\",\"viewCount\":0,\"website\":\"cq.com\"}', '{\"msg\":\"ж“ҚдҪңжҲҗеҠҹ\",\"code\":200}', '0', '', NULL, 20, '2025-11-18 18:22:21', 0, NULL);
INSERT INTO `sys_oper_log` VALUES (217, 'еӣҫзүҮз®ЎзҗҶ', 1, 'cn.edu.cquet.tourism.controller.TourismImageController.addBatch()', 'POST', 1, 'admin', 'з ”еҸ‘йғЁй—Ё', '/tourism/images/batch', '127.0.0.1', 'еҶ…зҪ‘IP', '[\"/profile/upload/2025/11/18/еӨҙеғҸ_20251118181329A004.png\"]', '{\"msg\":\"ж“ҚдҪңжҲҗеҠҹ\",\"code\":200,\"data\":[{\"id\":15,\"url\":\"/profile/upload/2025/11/18/еӨҙеғҸ_20251118181329A004.png\"}]}', '0', '', NULL, 11, '2025-11-18 18:22:22', 0, NULL);
INSERT INTO `sys_oper_log` VALUES (218, 'Aзә§жҷҜеҢә', 3, 'cn.edu.cquet.tourism.controller.TourismScenicSpotController.remove()', 'DELETE', 1, 'admin', 'з ”еҸ‘йғЁй—Ё', '/tourism/scenic-spot/25', '127.0.0.1', 'еҶ…зҪ‘IP', '{}', '{\"msg\":\"ж“ҚдҪңжҲҗеҠҹ\",\"code\":200}', '0', '', NULL, 21, '2025-11-18 18:27:21', 0, NULL);
INSERT INTO `sys_oper_log` VALUES (219, 'еңәйҰҶз®ЎзҗҶ', 3, 'cn.edu.cquet.tourism.controller.tourismVenueController.remove()', 'DELETE', 1, 'admin', 'з ”еҸ‘йғЁй—Ё', '/tourism/venue/7', '127.0.0.1', 'еҶ…зҪ‘IP', '{}', '{\"msg\":\"ж“ҚдҪңжҲҗеҠҹ\",\"code\":200}', '0', '', NULL, 36, '2025-11-18 18:27:30', 0, NULL);
INSERT INTO `sys_oper_log` VALUES (220, 'еңәйҰҶз®ЎзҗҶ', 3, 'cn.edu.cquet.tourism.controller.tourismVenueController.remove()', 'DELETE', 1, 'admin', 'з ”еҸ‘йғЁй—Ё', '/tourism/venue/8', '127.0.0.1', 'еҶ…зҪ‘IP', '{}', '{\"msg\":\"ж“ҚдҪңжҲҗеҠҹ\",\"code\":200}', '0', '', NULL, 30, '2025-11-18 18:27:33', 0, NULL);
INSERT INTO `sys_oper_log` VALUES (221, 'еңәйҰҶз®ЎзҗҶ', 1, 'cn.edu.cquet.tourism.controller.tourismVenueController.add()', 'POST', 1, 'admin', 'з ”еҸ‘йғЁй—Ё', '/tourism/venue', '127.0.0.1', 'еҶ…зҪ‘IP', '{\"address\":\"еӣӣе·қзңҒйҳҝеққи—Ҹж—ҸзҫҢж—ҸиҮӘжІ»е·һд№қеҜЁжІҹеҺҝ\",\"bookingRequired\":\"0\",\"capacity\":0,\"category\":\"жҳҜзҡ„\",\"city\":\"йҳҝеққе·һ\",\"coverImage\":\"/profile/upload/2025/11/18/sala4_20251118182804A008.jpg\",\"createBy\":\"admin\",\"createTime\":\"2025-11-18 18:28:06\",\"delFlag\":\"0\",\"district\":\"д№қеҜЁжІҹеҺҝ\",\"id\":9,\"latitude\":33.254,\"longitude\":103.918,\"name\":\"жҳҜзҡ„\",\"params\":{},\"ticketPrice\":0}', '{\"msg\":\"ж“ҚдҪңжҲҗеҠҹ\",\"code\":200,\"data\":{\"address\":\"еӣӣе·қзңҒйҳҝеққи—Ҹж—ҸзҫҢж—ҸиҮӘжІ»е·һд№қеҜЁжІҹеҺҝ\",\"bookingRequired\":\"0\",\"capacity\":0,\"category\":\"жҳҜзҡ„\",\"city\":\"йҳҝеққе·һ\",\"coverImage\":\"/profile/upload/2025/11/18/sala4_20251118182804A008.jpg\",\"createBy\":\"admin\",\"createTime\":\"2025-11-18 18:28:06\",\"delFlag\":\"0\",\"district\":\"д№қеҜЁжІҹеҺҝ\",\"id\":9,\"latitude\":33.254,\"longitude\":103.918,\"name\":\"жҳҜзҡ„\",\"params\":{},\"ticketPrice\":0}}', '0', '', NULL, 18, '2025-11-18 18:28:06', 0, NULL);
INSERT INTO `sys_oper_log` VALUES (222, 'еӣҫзүҮз®ЎзҗҶ', 1, 'cn.edu.cquet.tourism.controller.TourismImageController.addBatch()', 'POST', 1, 'admin', 'з ”еҸ‘йғЁй—Ё', '/tourism/images/batch', '127.0.0.1', 'еҶ…зҪ‘IP', '[]', '{\"msg\":\"ж“ҚдҪңжҲҗеҠҹ\",\"code\":200,\"data\":[]}', '0', '', NULL, 6, '2025-11-18 18:28:07', 0, NULL);
INSERT INTO `sys_oper_log` VALUES (223, 'зү№иүІжҙ»еҠЁ', 1, 'cn.edu.cquet.tourism.controller.TourismActivityController.add()', 'POST', 1, 'admin', 'з ”еҸ‘йғЁй—Ё', '/tourism/activity', '127.0.0.1', 'еҶ…зҪ‘IP', '{\"auditStatus\":\"0\",\"category\":\"жҳҜзҡ„\",\"createBy\":\"admin\",\"createTime\":\"2025-11-18 18:28:43\",\"delFlag\":\"0\",\"endTime\":\"2025-11-28 00:00:00\",\"id\":10,\"name\":\"ж°ҙжһңжҺ’йҳҹ\",\"params\":{},\"startTime\":\"2025-11-18 18:28:42\",\"venueId\":9}', '{\"msg\":\"ж“ҚдҪңжҲҗеҠҹ\",\"code\":200}', '0', '', NULL, 33, '2025-11-18 18:28:44', 0, NULL);
INSERT INTO `sys_oper_log` VALUES (224, 'зү№иүІжҙ»еҠЁз”іжҠҘ', 2, 'cn.edu.cquet.tourism.controller.TourismActivityApplicationController.approve()', 'POST', 1, 'admin', 'з ”еҸ‘йғЁй—Ё', '/tourism/activityApplication/10/approve', '127.0.0.1', 'еҶ…зҪ‘IP', '{\"opinion\":\"еҸҜд»Ҙ\"}', '{\"msg\":\"ж“ҚдҪңжҲҗеҠҹ\",\"code\":200}', '0', '', NULL, 28, '2025-11-18 18:28:55', 0, NULL);
INSERT INTO `sys_oper_log` VALUES (225, 'еңәйҰҶз®ЎзҗҶ', 2, 'cn.edu.cquet.tourism.controller.tourismVenueController.edit()', 'PUT', 1, 'admin', 'з ”еҸ‘йғЁй—Ё', '/tourism/venue', '127.0.0.1', 'еҶ…зҪ‘IP', '{\"address\":\"еӣӣе·қзңҒйҳҝеққи—Ҹж—ҸзҫҢж—ҸиҮӘжІ»е·һд№қеҜЁжІҹеҺҝ\",\"bookingRequired\":\"0\",\"capacity\":2,\"category\":\"жҳҜзҡ„\",\"city\":\"йҳҝеққе·һ\",\"collectionCount\":0,\"contactPhone\":\"18983432250\",\"coverImage\":\"/profile/upload/2025/11/18/sala4_20251118182804A008.jpg\",\"createBy\":\"admin\",\"createTime\":\"2025-11-18 18:28:06\",\"delFlag\":\"0\",\"district\":\"д№қеҜЁжІҹеҺҝ\",\"id\":9,\"latitude\":33.254,\"longitude\":103.918,\"name\":\"жҳҜзҡ„\",\"openingHours\":\"\",\"params\":{},\"status\":\"0\",\"ticketPrice\":0,\"updateBy\":\"admin\",\"updateTime\":\"2025-11-18 18:30:53\",\"viewCount\":0,\"website\":\"\"}', '{\"msg\":\"ж“ҚдҪңжҲҗеҠҹ\",\"code\":200}', '0', '', NULL, 18, '2025-11-18 18:30:53', 0, NULL);
INSERT INTO `sys_oper_log` VALUES (226, 'еӣҫзүҮз®ЎзҗҶ', 1, 'cn.edu.cquet.tourism.controller.TourismImageController.addBatch()', 'POST', 1, 'admin', 'з ”еҸ‘йғЁй—Ё', '/tourism/images/batch', '127.0.0.1', 'еҶ…зҪ‘IP', '[]', '{\"msg\":\"ж“ҚдҪңжҲҗеҠҹ\",\"code\":200,\"data\":[]}', '0', '', NULL, 4, '2025-11-18 18:30:54', 0, NULL);
INSERT INTO `sys_oper_log` VALUES (227, 'зү№иүІжҙ»еҠЁ', 2, 'cn.edu.cquet.tourism.controller.TourismActivityController.edit()', 'PUT', 1, 'admin', 'з ”еҸ‘йғЁй—Ё', '/tourism/activity', '127.0.0.1', 'еҶ…зҪ‘IP', '{\"auditReason\":\"еҸҜд»Ҙ\",\"auditStatus\":\"1\",\"auditor\":\"admin\",\"category\":\"жҳҜзҡ„\",\"contactPhone\":\"18983432250\",\"coverImage\":\"/profile/upload/2025/11/18/ComfyUI_00001__20251118183359A009.png\",\"createBy\":\"admin\",\"createTime\":\"2025-11-18 18:28:44\",\"delFlag\":\"0\",\"endTime\":\"2025-11-28 00:00:00\",\"id\":10,\"name\":\"ж°ҙжһңжҺ’йҳҹ\",\"organizer\":\"жҳҜзҡ„е®ҳж–№\",\"params\":{},\"startTime\":\"2025-11-18 18:28:42\",\"status\":\"0\",\"updateBy\":\"admin\",\"updateTime\":\"2025-11-18 18:34:03\",\"venueId\":9}', '{\"msg\":\"ж“ҚдҪңжҲҗеҠҹ\",\"code\":200}', '0', '', NULL, 14, '2025-11-18 18:34:03', 0, NULL);
INSERT INTO `sys_oper_log` VALUES (228, 'Aзә§жҷҜеҢә', 2, 'cn.edu.cquet.tourism.controller.TourismScenicSpotController.update()', 'PUT', 1, 'admin', 'з ”еҸ‘йғЁй—Ё', '/tourism/scenic-spot', '127.0.0.1', 'еҶ…зҪ‘IP', '{\"address\":\"еӣӣе·қзңҒйҳҝеққи—Ҹж—ҸзҫҢж—ҸиҮӘжІ»е·һд№қеҜЁжІҹеҺҝ\",\"city\":\"йҳҝеққе·һ\",\"collectionCount\":0,\"contactPhone\":\"\",\"coverImage\":\"/profile/upload/2025/11/18/redis-cover_20251118183617A010.jpg\",\"createBy\":\"admin\",\"createTime\":\"2025-11-14 17:14:16\",\"delFlag\":\"0\",\"description\":\"д№қеҜЁжІҹжҳҜдё–з•ҢиҮӘз„¶йҒ—дә§гҖҒеӣҪе®¶йҮҚзӮ№йЈҺжҷҜеҗҚиғңеҢәгҖҒеӣҪе®¶AAAAAзә§ж—…жёёжҷҜеҢәгҖҒеӣҪе®¶зә§иҮӘз„¶дҝқжҠӨеҢәгҖҒеӣҪе®¶ең°иҙЁе…¬еӣӯгҖҒдё–з•Ңз”ҹзү©еңҲдҝқжҠӨеҢәзҪ‘з»ңпјҢжҳҜдёӯеӣҪз¬¬дёҖдёӘд»ҘдҝқжҠӨиҮӘз„¶йЈҺжҷҜдёәдё»иҰҒзӣ®зҡ„зҡ„иҮӘз„¶дҝқжҠӨеҢәгҖӮ\",\"district\":\"д№қеҜЁжІҹеҺҝ\",\"id\":23,\"latitude\":33.254,\"level\":\"5A\",\"longitude\":103.918,\"name\":\"д№қеҜЁжІҹйЈҺжҷҜеҗҚиғңеҢә\",\"openingHours\":\"08:00-18:00\",\"params\":{},\"status\":\"0\",\"ticketPrice\":169,\"updateBy\":\"admin\",\"updateTime\":\"2025-11-18 18:36:18\",\"viewCount\":0,\"website\":\"\"}', '{\"msg\":\"ж“ҚдҪңжҲҗеҠҹ\",\"code\":200}', '0', '', NULL, 21, '2025-11-18 18:36:19', 0, NULL);
INSERT INTO `sys_oper_log` VALUES (229, 'еӣҫзүҮз®ЎзҗҶ', 1, 'cn.edu.cquet.tourism.controller.TourismImageController.addBatch()', 'POST', 1, 'admin', 'з ”еҸ‘йғЁй—Ё', '/tourism/images/batch', '127.0.0.1', 'еҶ…зҪ‘IP', '[]', '{\"msg\":\"ж“ҚдҪңжҲҗеҠҹ\",\"code\":200,\"data\":[]}', '0', '', NULL, 10, '2025-11-18 18:36:19', 0, NULL);
INSERT INTO `sys_oper_log` VALUES (230, 'еңәйҰҶз®ЎзҗҶ', 3, 'cn.edu.cquet.tourism.controller.tourismVenueController.remove()', 'DELETE', 1, 'admin', 'з ”еҸ‘йғЁй—Ё', '/tourism/venue/9', '127.0.0.1', 'еҶ…зҪ‘IP', '{}', '{\"msg\":\"ж“ҚдҪңжҲҗеҠҹ\",\"code\":200}', '0', '', NULL, 30, '2025-11-18 18:46:18', 0, NULL);
INSERT INTO `sys_oper_log` VALUES (231, 'Aзә§жҷҜеҢә', 3, 'cn.edu.cquet.tourism.controller.TourismScenicSpotController.remove()', 'DELETE', 1, 'admin', 'з ”еҸ‘йғЁй—Ё', '/tourism/scenic-spot/23', '127.0.0.1', 'еҶ…зҪ‘IP', '{}', '{\"msg\":\"ж“ҚдҪңжҲҗеҠҹ\",\"code\":200}', '0', '', NULL, 22, '2025-11-18 18:46:26', 0, NULL);
INSERT INTO `sys_oper_log` VALUES (232, 'иҸңеҚ•з®ЎзҗҶ', 3, 'cn.edu.cquet.web.controller.system.SysMenuController.remove()', 'DELETE', 1, 'admin', 'з ”еҸ‘йғЁй—Ё', '/system/menu/2079', '127.0.0.1', 'еҶ…зҪ‘IP', '{}', '{\"msg\":\"ж“ҚдҪңжҲҗеҠҹ\",\"code\":200}', '0', '', NULL, 19, '2025-11-18 18:47:50', 0, NULL);
INSERT INTO `sys_oper_log` VALUES (233, 'иҸңеҚ•з®ЎзҗҶ', 3, 'cn.edu.cquet.web.controller.system.SysMenuController.remove()', 'DELETE', 1, 'admin', 'з ”еҸ‘йғЁй—Ё', '/system/menu/2079', '127.0.0.1', 'еҶ…зҪ‘IP', '{}', '{\"msg\":\"ж“ҚдҪңеӨұиҙҘ\",\"code\":500}', '0', '', NULL, 6, '2025-11-18 18:47:59', 0, NULL);
INSERT INTO `sys_oper_log` VALUES (234, 'иҸңеҚ•з®ЎзҗҶ', 3, 'cn.edu.cquet.web.controller.system.SysMenuController.remove()', 'DELETE', 1, 'admin', 'з ”еҸ‘йғЁй—Ё', '/system/menu/2079', '127.0.0.1', 'еҶ…зҪ‘IP', '{}', '{\"msg\":\"ж“ҚдҪңеӨұиҙҘ\",\"code\":500}', '0', '', NULL, 9, '2025-11-18 18:48:01', 0, NULL);
INSERT INTO `sys_oper_log` VALUES (235, 'иҸңеҚ•з®ЎзҗҶ', 3, 'cn.edu.cquet.web.controller.system.SysMenuController.remove()', 'DELETE', 1, 'admin', 'з ”еҸ‘йғЁй—Ё', '/system/menu/2079', '127.0.0.1', 'еҶ…зҪ‘IP', '{}', '{\"msg\":\"ж“ҚдҪңеӨұиҙҘ\",\"code\":500}', '0', '', NULL, 11, '2025-11-18 18:48:32', 0, NULL);
INSERT INTO `sys_oper_log` VALUES (236, 'иҸңеҚ•з®ЎзҗҶ', 2, 'cn.edu.cquet.web.controller.system.SysMenuController.edit()', 'PUT', 1, 'admin', 'з ”еҸ‘йғЁй—Ё', '/system/menu', '127.0.0.1', 'еҶ…зҪ‘IP', '{\"children\":[],\"component\":\"tourism/notice/index.vue\",\"createBy\":\"admin\",\"createTime\":\"2025-11-17 15:45:01\",\"delFlag\":\"0\",\"icon\":\"button\",\"isCache\":\"0\",\"isFrame\":\"1\",\"menuId\":2078,\"menuName\":\"йҖҡзҹҘз®ЎзҗҶ\",\"menuType\":\"C\",\"orderNum\":0,\"params\":{},\"parentId\":2072,\"path\":\"notice\",\"perms\":\"tourism:notice:list\",\"remark\":\"\",\"routeName\":\"\",\"status\":\"0\",\"updateBy\":\"admin\",\"updateTime\":\"2025-11-18 18:49:15\",\"visible\":\"0\"}', '{\"msg\":\"ж“ҚдҪңжҲҗеҠҹ\",\"code\":200}', '0', '', NULL, 33, '2025-11-18 18:49:15', 0, NULL);
INSERT INTO `sys_oper_log` VALUES (237, 'иҸңеҚ•з®ЎзҗҶ', 2, 'cn.edu.cquet.web.controller.system.SysMenuController.edit()', 'PUT', 1, 'admin', 'з ”еҸ‘йғЁй—Ё', '/system/menu', '127.0.0.1', 'еҶ…зҪ‘IP', '{\"children\":[],\"component\":\"tourism/notice/index.vue\",\"createBy\":\"admin\",\"createTime\":\"2025-11-17 15:45:01\",\"delFlag\":\"0\",\"icon\":\"button\",\"isCache\":\"0\",\"isFrame\":\"1\",\"menuId\":2078,\"menuName\":\"йҖҡзҹҘз®ЎзҗҶ\",\"menuType\":\"C\",\"orderNum\":0,\"params\":{},\"parentId\":2072,\"path\":\"notice\",\"perms\":\"tourism:notice:list\",\"remark\":\"\",\"routeName\":\"\",\"status\":\"0\",\"updateBy\":\"admin\",\"updateTime\":\"2025-11-18 18:49:28\",\"visible\":\"0\"}', '{\"msg\":\"ж“ҚдҪңжҲҗеҠҹ\",\"code\":200}', '0', '', NULL, 14, '2025-11-18 18:49:29', 0, NULL);
INSERT INTO `sys_oper_log` VALUES (238, 'иҸңеҚ•з®ЎзҗҶ', 2, 'cn.edu.cquet.web.controller.system.SysMenuController.edit()', 'PUT', 1, 'admin', 'з ”еҸ‘йғЁй—Ё', '/system/menu', '127.0.0.1', 'еҶ…зҪ‘IP', '{\"children\":[],\"component\":\"tourism/news/index\",\"createBy\":\"admin\",\"createTime\":\"2025-11-03 14:24:01\",\"delFlag\":\"0\",\"icon\":\"date-range\",\"isCache\":\"0\",\"isFrame\":\"1\",\"menuId\":2073,\"menuName\":\"ж–°й—»з®ЎзҗҶ\",\"menuType\":\"C\",\"orderNum\":1,\"params\":{},\"parentId\":2072,\"path\":\"news\",\"perms\":\"tourism:news:list\",\"query\":\"\",\"remark\":\"\",\"routeName\":\"\",\"status\":\"0\",\"updateBy\":\"admin\",\"updateTime\":\"2025-11-18 18:49:34\",\"visible\":\"0\"}', '{\"msg\":\"ж“ҚдҪңжҲҗеҠҹ\",\"code\":200}', '0', '', NULL, 24, '2025-11-18 18:49:34', 0, NULL);
INSERT INTO `sys_oper_log` VALUES (239, 'иҸңеҚ•з®ЎзҗҶ', 2, 'cn.edu.cquet.web.controller.system.SysMenuController.edit()', 'PUT', 1, 'admin', 'з ”еҸ‘йғЁй—Ё', '/system/menu', '127.0.0.1', 'еҶ…зҪ‘IP', '{\"children\":[],\"component\":\"tourism/activity/index.vue\",\"createBy\":\"admin\",\"createTime\":\"2025-11-17 15:42:40\",\"delFlag\":\"0\",\"icon\":\"row\",\"isCache\":\"0\",\"isFrame\":\"1\",\"menuId\":2076,\"menuName\":\"жҙ»еҠЁз®ЎзҗҶ\",\"menuType\":\"C\",\"orderNum\":4,\"params\":{},\"parentId\":2072,\"path\":\"activity\",\"perms\":\"tourism:activity:list\",\"remark\":\"\",\"routeName\":\"\",\"status\":\"0\",\"updateBy\":\"admin\",\"updateTime\":\"2025-11-18 18:50:05\",\"visible\":\"0\"}', '{\"msg\":\"ж“ҚдҪңжҲҗеҠҹ\",\"code\":200}', '0', '', NULL, 14, '2025-11-18 18:50:05', 0, NULL);
INSERT INTO `sys_oper_log` VALUES (240, 'иҸңеҚ•з®ЎзҗҶ', 2, 'cn.edu.cquet.web.controller.system.SysMenuController.edit()', 'PUT', 1, 'admin', 'з ”еҸ‘йғЁй—Ё', '/system/menu', '127.0.0.1', 'еҶ…зҪ‘IP', '{\"children\":[],\"component\":\"tourism/scenicSpot/index\",\"createBy\":\"admin\",\"createTime\":\"2025-11-10 14:01:25\",\"delFlag\":\"0\",\"icon\":\"guide\",\"isCache\":\"0\",\"isFrame\":\"1\",\"menuId\":2074,\"menuName\":\"ж—…жёёжҷҜзӮ№\",\"menuType\":\"C\",\"orderNum\":1,\"params\":{},\"parentId\":2072,\"path\":\"scenicSpot\",\"perms\":\"tourism:scenicSpot:list\",\"remark\":\"\",\"routeName\":\"\",\"status\":\"0\",\"updateBy\":\"admin\",\"updateTime\":\"2025-11-18 18:50:27\",\"visible\":\"0\"}', '{\"msg\":\"ж“ҚдҪңжҲҗеҠҹ\",\"code\":200}', '0', '', NULL, 17, '2025-11-18 18:50:28', 0, NULL);
INSERT INTO `sys_oper_log` VALUES (241, 'иҸңеҚ•з®ЎзҗҶ', 2, 'cn.edu.cquet.web.controller.system.SysMenuController.edit()', 'PUT', 1, 'admin', 'з ”еҸ‘йғЁй—Ё', '/system/menu', '127.0.0.1', 'еҶ…зҪ‘IP', '{\"children\":[],\"component\":\"tourism/venue/index\",\"createBy\":\"admin\",\"createTime\":\"2025-11-17 15:30:15\",\"delFlag\":\"0\",\"icon\":\"tree\",\"isCache\":\"0\",\"isFrame\":\"1\",\"menuId\":2075,\"menuName\":\"еңәйҰҶз®ЎзҗҶ\",\"menuType\":\"C\",\"orderNum\":3,\"params\":{},\"parentId\":2072,\"path\":\"venue\",\"perms\":\"tourism:venue:activity:list\",\"remark\":\"\",\"routeName\":\"\",\"status\":\"0\",\"updateBy\":\"admin\",\"updateTime\":\"2025-11-18 18:51:03\",\"visible\":\"0\"}', '{\"msg\":\"ж“ҚдҪңжҲҗеҠҹ\",\"code\":200}', '0', '', NULL, 12, '2025-11-18 18:51:04', 0, NULL);
INSERT INTO `sys_oper_log` VALUES (242, 'Aзә§жҷҜеҢә', 1, 'cn.edu.cquet.tourism.controller.TourismScenicSpotController.add()', 'POST', 1, 'admin', 'з ”еҸ‘йғЁй—Ё', '/tourism/scenic-spot', '127.0.0.1', 'еҶ…зҪ‘IP', '{\"address\":\"йҮҚеәҶеёӮдёӨжұҹж–°еҢә\",\"city\":\"йҮҚеәҶеёӮ\",\"contactPhone\":\"18983432250\",\"coverImage\":\"/profile/upload/2025/11/18/е°Ҹе·қ_20251118192010A001.jpg\",\"createBy\":\"admin\",\"createTime\":\"2025-11-18 19:20:17\",\"delFlag\":\"0\",\"description\":\"йҮҚеәҶеёӮж°ёе·қеҢә\",\"district\":\"йҮҚеәҶеёӮдёӨжұҹж–°еҢә\",\"id\":28,\"latitude\":3,\"level\":\"AAAAA\",\"longitude\":2,\"name\":\"йҮҚеәҶз”өеӯҗз§‘жҠҖиҒҢдёҡеӨ§еӯҰ\",\"openingHours\":\"е…ЁеӨ©\",\"params\":{},\"remark\":\"жөӢиҜ•\",\"ticketPrice\":0,\"website\":\"cquet\"}', '{\"msg\":\"ж“ҚдҪңжҲҗеҠҹ\",\"code\":200,\"data\":{\"address\":\"йҮҚеәҶеёӮдёӨжұҹж–°еҢә\",\"city\":\"йҮҚеәҶеёӮ\",\"contactPhone\":\"18983432250\",\"coverImage\":\"/profile/upload/2025/11/18/е°Ҹе·қ_20251118192010A001.jpg\",\"createBy\":\"admin\",\"createTime\":\"2025-11-18 19:20:17\",\"delFlag\":\"0\",\"description\":\"йҮҚеәҶеёӮж°ёе·қеҢә\",\"district\":\"йҮҚеәҶеёӮдёӨжұҹж–°еҢә\",\"id\":28,\"latitude\":3,\"level\":\"AAAAA\",\"longitude\":2,\"name\":\"йҮҚеәҶз”өеӯҗз§‘жҠҖиҒҢдёҡеӨ§еӯҰ\",\"openingHours\":\"е…ЁеӨ©\",\"params\":{},\"remark\":\"жөӢиҜ•\",\"ticketPrice\":0,\"website\":\"cquet\"}}', '0', '', NULL, 95, '2025-11-18 19:20:18', 0, NULL);
INSERT INTO `sys_oper_log` VALUES (243, 'еӣҫзүҮз®ЎзҗҶ', 1, 'cn.edu.cquet.tourism.controller.TourismImageController.addBatch()', 'POST', 1, 'admin', 'з ”еҸ‘йғЁй—Ё', '/tourism/images/batch', '127.0.0.1', 'еҶ…зҪ‘IP', '[]', '{\"msg\":\"ж“ҚдҪңжҲҗеҠҹ\",\"code\":200,\"data\":[]}', '0', '', NULL, 9, '2025-11-18 19:20:18', 0, NULL);
INSERT INTO `sys_oper_log` VALUES (244, 'еңәйҰҶз®ЎзҗҶ', 1, 'cn.edu.cquet.tourism.controller.tourismVenueController.add()', 'POST', 1, 'admin', 'з ”еҸ‘йғЁй—Ё', '/tourism/venue', '127.0.0.1', 'еҶ…зҪ‘IP', '{\"address\":\"йҮҚеәҶеёӮдёӨжұҹж–°еҢә\",\"bookingRequired\":\"0\",\"capacity\":0,\"category\":\"ж•ҷеӯҰ\",\"city\":\"йҮҚеәҶеёӮ\",\"coverImage\":\"/profile/upload/2025/11/18/и“қиҺ“иҚүиҺ“_20251118192135A002.jpg\",\"createBy\":\"admin\",\"createTime\":\"2025-11-18 19:21:37\",\"delFlag\":\"0\",\"description\":\"ж•ҷеӯҰ\",\"district\":\"йҮҚеәҶеёӮдёӨжұҹж–°еҢә\",\"id\":10,\"latitude\":3,\"longitude\":2,\"name\":\"ж•ҷеӯҰжҘј\",\"openingHours\":\"ж—©дёҠ8:00-жҷҡдёҠ22:00\",\"params\":{},\"ticketPrice\":0}', '{\"msg\":\"ж“ҚдҪңжҲҗеҠҹ\",\"code\":200,\"data\":{\"address\":\"йҮҚеәҶеёӮдёӨжұҹж–°еҢә\",\"bookingRequired\":\"0\",\"capacity\":0,\"category\":\"ж•ҷеӯҰ\",\"city\":\"йҮҚеәҶеёӮ\",\"coverImage\":\"/profile/upload/2025/11/18/и“қиҺ“иҚүиҺ“_20251118192135A002.jpg\",\"createBy\":\"admin\",\"createTime\":\"2025-11-18 19:21:37\",\"delFlag\":\"0\",\"description\":\"ж•ҷеӯҰ\",\"district\":\"йҮҚеәҶеёӮдёӨжұҹж–°еҢә\",\"id\":10,\"latitude\":3,\"longitude\":2,\"name\":\"ж•ҷеӯҰжҘј\",\"openingHours\":\"ж—©дёҠ8:00-жҷҡдёҠ22:00\",\"params\":{},\"ticketPrice\":0}}', '0', '', NULL, 38, '2025-11-18 19:21:37', 0, NULL);
INSERT INTO `sys_oper_log` VALUES (245, 'еӣҫзүҮз®ЎзҗҶ', 1, 'cn.edu.cquet.tourism.controller.TourismImageController.addBatch()', 'POST', 1, 'admin', 'з ”еҸ‘йғЁй—Ё', '/tourism/images/batch', '127.0.0.1', 'еҶ…зҪ‘IP', '[]', '{\"msg\":\"ж“ҚдҪңжҲҗеҠҹ\",\"code\":200,\"data\":[]}', '0', '', NULL, 5, '2025-11-18 19:21:38', 0, NULL);
INSERT INTO `sys_oper_log` VALUES (246, 'зү№иүІжҙ»еҠЁ', 1, 'cn.edu.cquet.tourism.controller.TourismActivityController.add()', 'POST', 1, 'admin', 'з ”еҸ‘йғЁй—Ё', '/tourism/activity', '127.0.0.1', 'еҶ…зҪ‘IP', '{\"auditStatus\":\"0\",\"category\":\"жҜ”иөӣ\",\"coverImage\":\"/profile/upload/2025/11/18/жӨҺеҗҚ_20251118192225A003.png\",\"createBy\":\"admin\",\"createTime\":\"2025-11-18 19:22:45\",\"delFlag\":\"0\",\"description\":\"дҪҺејҖеҗ—\",\"endTime\":\"2025-11-26 00:00:00\",\"id\":11,\"name\":\"дҪҺд»Јз ҒеӨ§иөӣ\",\"organizer\":\"йҮҚеәҶеёӮз”өеӯҗз§‘жҠҖ\",\"params\":{},\"startTime\":\"2025-11-18 00:00:00\",\"venueId\":10}', '{\"msg\":\"ж“ҚдҪңжҲҗеҠҹ\",\"code\":200}', '0', '', NULL, 26, '2025-11-18 19:22:46', 0, NULL);
INSERT INTO `sys_oper_log` VALUES (247, 'зү№иүІжҙ»еҠЁз”іжҠҘ', 2, 'cn.edu.cquet.tourism.controller.TourismActivityApplicationController.approve()', 'POST', 1, 'admin', 'з ”еҸ‘йғЁй—Ё', '/tourism/activityApplication/11/approve', '127.0.0.1', 'еҶ…зҪ‘IP', '{\"opinion\":\"жөӢиҜ•йҖҡиҝҮ\"}', '{\"msg\":\"ж“ҚдҪңжҲҗеҠҹ\",\"code\":200}', '0', '', NULL, 26, '2025-11-18 19:24:26', 0, NULL);
INSERT INTO `sys_oper_log` VALUES (248, 'зү№иүІжҙ»еҠЁ', 2, 'cn.edu.cquet.tourism.controller.TourismActivityController.edit()', 'PUT', 1, 'admin', 'з ”еҸ‘йғЁй—Ё', '/tourism/activity', '127.0.0.1', 'еҶ…зҪ‘IP', '{\"auditReason\":\"жөӢиҜ•йҖҡиҝҮ\",\"auditStatus\":\"1\",\"auditor\":\"admin\",\"category\":\"жҜ”иөӣ\",\"contactPhone\":\"\",\"coverImage\":\"/profile/upload/2025/11/18/жӨҺеҗҚ_20251118192225A003.png\",\"createBy\":\"admin\",\"createTime\":\"2025-11-18 19:22:46\",\"delFlag\":\"0\",\"description\":\"дҪҺејҖеҗ—\",\"endTime\":\"2025-11-26 00:00:00\",\"id\":11,\"name\":\"дҪҺд»Јз ҒеӨ§иөӣ\",\"organizer\":\"йҮҚеәҶеёӮз”өеӯҗз§‘жҠҖ\",\"params\":{},\"startTime\":\"2025-11-18 00:00:00\",\"status\":\"0\",\"updateBy\":\"admin\",\"updateTime\":\"2025-11-18 19:25:56\",\"venueId\":10}', '{\"msg\":\"ж“ҚдҪңжҲҗеҠҹ\",\"code\":200}', '0', '', NULL, 18, '2025-11-18 19:25:57', 0, NULL);
INSERT INTO `sys_oper_log` VALUES (249, 'зү№иүІжҙ»еҠЁ', 2, 'cn.edu.cquet.tourism.controller.TourismActivityController.edit()', 'PUT', 1, 'admin', 'з ”еҸ‘йғЁй—Ё', '/tourism/activity', '127.0.0.1', 'еҶ…зҪ‘IP', '{\"auditReason\":\"жөӢиҜ•йҖҡиҝҮ\",\"auditStatus\":\"1\",\"auditor\":\"admin\",\"category\":\"жҜ”иөӣ\",\"contactPhone\":\"\",\"coverImage\":\"/profile/upload/2025/11/18/жӨҺеҗҚ_20251118192225A003.png\",\"createBy\":\"admin\",\"createTime\":\"2025-11-18 19:22:46\",\"currentParticipants\":0,\"delFlag\":\"0\",\"description\":\"дҪҺејҖеҗ—\",\"endTime\":\"2025-11-26 00:00:00\",\"id\":11,\"maxParticipants\":4,\"name\":\"дҪҺд»Јз ҒеӨ§иөӣ\",\"organizer\":\"йҮҚеәҶеёӮз”өеӯҗз§‘жҠҖ\",\"params\":{},\"startTime\":\"2025-11-18 00:00:00\",\"status\":\"0\",\"updateBy\":\"admin\",\"updateTime\":\"2025-11-18 19:29:33\",\"venueId\":10}', '{\"msg\":\"ж“ҚдҪңжҲҗеҠҹ\",\"code\":200}', '0', '', NULL, 36, '2025-11-18 19:29:33', 0, NULL);

-- ----------------------------
-- Table structure for sys_post
-- ----------------------------
DROP TABLE IF EXISTS `sys_post`;
CREATE TABLE `sys_post`  (
  `post_id` bigint NOT NULL AUTO_INCREMENT COMMENT 'еІ—дҪҚID',
  `post_code` varchar(64) CHARACTER SET utf8mb4 COLLATE utf8mb4_general_ci NOT NULL COMMENT 'еІ—дҪҚзј–з Ғ',
  `post_name` varchar(50) CHARACTER SET utf8mb4 COLLATE utf8mb4_general_ci NOT NULL COMMENT 'еІ—дҪҚеҗҚз§°',
  `post_sort` int NOT NULL COMMENT 'жҳҫзӨәйЎәеәҸ',
  `status` char(1) CHARACTER SET utf8mb4 COLLATE utf8mb4_general_ci NOT NULL COMMENT 'зҠ¶жҖҒпјҲ0жӯЈеёё 1еҒңз”Ёпјү',
  `create_by` varchar(64) CHARACTER SET utf8mb4 COLLATE utf8mb4_general_ci NULL DEFAULT '' COMMENT 'еҲӣе»әиҖ…',
  `create_time` datetime NULL DEFAULT NULL COMMENT 'еҲӣе»әж—¶й—ҙ',
  `update_by` varchar(64) CHARACTER SET utf8mb4 COLLATE utf8mb4_general_ci NULL DEFAULT '' COMMENT 'жӣҙж–°иҖ…',
  `update_time` datetime NULL DEFAULT NULL COMMENT 'жӣҙж–°ж—¶й—ҙ',
  `remark` varchar(500) CHARACTER SET utf8mb4 COLLATE utf8mb4_general_ci NULL DEFAULT NULL COMMENT 'еӨҮжіЁ',
  `del_flag` char(1) CHARACTER SET utf8mb4 COLLATE utf8mb4_general_ci NULL DEFAULT '0' COMMENT 'еҲ йҷӨж Үеҝ—пјҲ0д»ЈиЎЁеӯҳеңЁ 2д»ЈиЎЁеҲ йҷӨпјү',
  PRIMARY KEY (`post_id`) USING BTREE
) ENGINE = InnoDB AUTO_INCREMENT = 5 CHARACTER SET = utf8mb4 COLLATE = utf8mb4_general_ci COMMENT = 'еІ—дҪҚдҝЎжҒҜиЎЁ' ROW_FORMAT = DYNAMIC;

-- ----------------------------
-- Records of sys_post
-- ----------------------------
INSERT INTO `sys_post` VALUES (1, 'ceo', 'и‘ЈдәӢй•ҝ', 1, '0', 'admin', '2024-09-04 06:22:51', '', NULL, '', '0');
INSERT INTO `sys_post` VALUES (2, 'se', 'йЎ№зӣ®з»ҸзҗҶ', 2, '0', 'admin', '2024-09-04 06:22:51', '', NULL, '', '0');
INSERT INTO `sys_post` VALUES (3, 'hr', 'дәәеҠӣиө„жәҗ', 3, '0', 'admin', '2024-09-04 06:22:51', 'admin', '2024-09-09 11:55:13', '', '0');
INSERT INTO `sys_post` VALUES (4, 'user', 'жҷ®йҖҡе‘ҳе·Ҙ', 4, '0', 'admin', '2024-09-04 06:22:51', 'admin', '2024-09-09 11:53:31', '', '0');

-- ----------------------------
-- Table structure for sys_role
-- ----------------------------
DROP TABLE IF EXISTS `sys_role`;
CREATE TABLE `sys_role`  (
  `role_id` bigint NOT NULL AUTO_INCREMENT COMMENT 'и§’иүІID',
  `role_name` varchar(30) CHARACTER SET utf8mb4 COLLATE utf8mb4_general_ci NOT NULL COMMENT 'и§’иүІеҗҚз§°',
  `role_key` varchar(100) CHARACTER SET utf8mb4 COLLATE utf8mb4_general_ci NOT NULL COMMENT 'и§’иүІжқғйҷҗеӯ—з¬ҰдёІ',
  `role_sort` int NOT NULL COMMENT 'жҳҫзӨәйЎәеәҸ',
  `data_scope` char(1) CHARACTER SET utf8mb4 COLLATE utf8mb4_general_ci NULL DEFAULT '1' COMMENT 'ж•°жҚ®иҢғеӣҙпјҲ1пјҡе…ЁйғЁж•°жҚ®жқғйҷҗ 2пјҡиҮӘе®ҡж•°жҚ®жқғйҷҗ 3пјҡжң¬йғЁй—Ёж•°жҚ®жқғйҷҗ 4пјҡжң¬йғЁй—ЁеҸҠд»ҘдёӢж•°жҚ®жқғйҷҗпјү',
  `menu_check_strictly` tinyint(1) NULL DEFAULT 1 COMMENT 'иҸңеҚ•ж ‘йҖүжӢ©йЎ№жҳҜеҗҰе…іиҒ”жҳҫзӨә',
  `dept_check_strictly` tinyint(1) NULL DEFAULT 1 COMMENT 'йғЁй—Ёж ‘йҖүжӢ©йЎ№жҳҜеҗҰе…іиҒ”жҳҫзӨә',
  `status` char(1) CHARACTER SET utf8mb4 COLLATE utf8mb4_general_ci NOT NULL COMMENT 'и§’иүІзҠ¶жҖҒпјҲ0жӯЈеёё 1еҒңз”Ёпјү',
  `del_flag` char(1) CHARACTER SET utf8mb4 COLLATE utf8mb4_general_ci NULL DEFAULT '0' COMMENT 'еҲ йҷӨж Үеҝ—пјҲ0д»ЈиЎЁеӯҳеңЁ 2д»ЈиЎЁеҲ йҷӨпјү',
  `create_by` varchar(64) CHARACTER SET utf8mb4 COLLATE utf8mb4_general_ci NULL DEFAULT '' COMMENT 'еҲӣе»әиҖ…',
  `create_time` datetime NULL DEFAULT NULL COMMENT 'еҲӣе»әж—¶й—ҙ',
  `update_by` varchar(64) CHARACTER SET utf8mb4 COLLATE utf8mb4_general_ci NULL DEFAULT '' COMMENT 'жӣҙж–°иҖ…',
  `update_time` datetime NULL DEFAULT NULL COMMENT 'жӣҙж–°ж—¶й—ҙ',
  `remark` varchar(500) CHARACTER SET utf8mb4 COLLATE utf8mb4_general_ci NULL DEFAULT NULL COMMENT 'еӨҮжіЁ',
  PRIMARY KEY (`role_id`) USING BTREE
) ENGINE = InnoDB AUTO_INCREMENT = 100 CHARACTER SET = utf8mb4 COLLATE = utf8mb4_general_ci COMMENT = 'и§’иүІдҝЎжҒҜиЎЁ' ROW_FORMAT = DYNAMIC;

-- ----------------------------
-- Records of sys_role
-- ----------------------------
INSERT INTO `sys_role` VALUES (1, 'и¶…зә§з®ЎзҗҶе‘ҳ', 'admin', 1, '1', 1, 1, '0', '0', 'admin', '2024-09-04 06:22:51', '', NULL, 'и¶…зә§з®ЎзҗҶе‘ҳ');
INSERT INTO `sys_role` VALUES (2, 'жҷ®йҖҡи§’иүІ', 'common', 2, '2', 1, 1, '0', '0', 'admin', '2024-09-04 06:22:51', 'admin', '2025-10-25 21:22:14', 'жҷ®йҖҡи§’иүІ');

-- ----------------------------
-- Table structure for sys_role_dept
-- ----------------------------
DROP TABLE IF EXISTS `sys_role_dept`;
CREATE TABLE `sys_role_dept`  (
  `role_id` bigint NOT NULL COMMENT 'и§’иүІID',
  `dept_id` bigint NOT NULL COMMENT 'йғЁй—ЁID',
  PRIMARY KEY (`role_id`, `dept_id`) USING BTREE
) ENGINE = InnoDB CHARACTER SET = utf8mb4 COLLATE = utf8mb4_general_ci COMMENT = 'и§’иүІе’ҢйғЁй—Ёе…іиҒ”иЎЁ' ROW_FORMAT = DYNAMIC;

-- ----------------------------
-- Records of sys_role_dept
-- ----------------------------
INSERT INTO `sys_role_dept` VALUES (2, 100);
INSERT INTO `sys_role_dept` VALUES (2, 101);
INSERT INTO `sys_role_dept` VALUES (2, 105);

-- ----------------------------
-- Table structure for sys_role_menu
-- ----------------------------
DROP TABLE IF EXISTS `sys_role_menu`;
CREATE TABLE `sys_role_menu`  (
  `role_id` bigint NOT NULL COMMENT 'и§’иүІID',
  `menu_id` bigint NOT NULL COMMENT 'иҸңеҚ•ID',
  PRIMARY KEY (`role_id`, `menu_id`) USING BTREE
) ENGINE = InnoDB CHARACTER SET = utf8mb4 COLLATE = utf8mb4_general_ci COMMENT = 'и§’иүІе’ҢиҸңеҚ•е…іиҒ”иЎЁ' ROW_FORMAT = DYNAMIC;

-- ----------------------------
-- Records of sys_role_menu
-- ----------------------------
INSERT INTO `sys_role_menu` VALUES (2, 1);
INSERT INTO `sys_role_menu` VALUES (2, 100);
INSERT INTO `sys_role_menu` VALUES (2, 101);
INSERT INTO `sys_role_menu` VALUES (2, 102);
INSERT INTO `sys_role_menu` VALUES (2, 103);
INSERT INTO `sys_role_menu` VALUES (2, 104);
INSERT INTO `sys_role_menu` VALUES (2, 105);
INSERT INTO `sys_role_menu` VALUES (2, 106);
INSERT INTO `sys_role_menu` VALUES (2, 107);
INSERT INTO `sys_role_menu` VALUES (2, 108);
INSERT INTO `sys_role_menu` VALUES (2, 500);
INSERT INTO `sys_role_menu` VALUES (2, 501);
INSERT INTO `sys_role_menu` VALUES (2, 1000);
INSERT INTO `sys_role_menu` VALUES (2, 1001);
INSERT INTO `sys_role_menu` VALUES (2, 1002);
INSERT INTO `sys_role_menu` VALUES (2, 1003);
INSERT INTO `sys_role_menu` VALUES (2, 1004);
INSERT INTO `sys_role_menu` VALUES (2, 1005);
INSERT INTO `sys_role_menu` VALUES (2, 1006);
INSERT INTO `sys_role_menu` VALUES (2, 1007);
INSERT INTO `sys_role_menu` VALUES (2, 1008);
INSERT INTO `sys_role_menu` VALUES (2, 1009);
INSERT INTO `sys_role_menu` VALUES (2, 1010);
INSERT INTO `sys_role_menu` VALUES (2, 1011);
INSERT INTO `sys_role_menu` VALUES (2, 1012);
INSERT INTO `sys_role_menu` VALUES (2, 1013);
INSERT INTO `sys_role_menu` VALUES (2, 1014);
INSERT INTO `sys_role_menu` VALUES (2, 1015);
INSERT INTO `sys_role_menu` VALUES (2, 1016);
INSERT INTO `sys_role_menu` VALUES (2, 1017);
INSERT INTO `sys_role_menu` VALUES (2, 1018);
INSERT INTO `sys_role_menu` VALUES (2, 1019);
INSERT INTO `sys_role_menu` VALUES (2, 1020);
INSERT INTO `sys_role_menu` VALUES (2, 1021);
INSERT INTO `sys_role_menu` VALUES (2, 1022);
INSERT INTO `sys_role_menu` VALUES (2, 1023);
INSERT INTO `sys_role_menu` VALUES (2, 1024);
INSERT INTO `sys_role_menu` VALUES (2, 1025);
INSERT INTO `sys_role_menu` VALUES (2, 1026);
INSERT INTO `sys_role_menu` VALUES (2, 1027);
INSERT INTO `sys_role_menu` VALUES (2, 1028);
INSERT INTO `sys_role_menu` VALUES (2, 1029);
INSERT INTO `sys_role_menu` VALUES (2, 1030);
INSERT INTO `sys_role_menu` VALUES (2, 1031);
INSERT INTO `sys_role_menu` VALUES (2, 1032);
INSERT INTO `sys_role_menu` VALUES (2, 1033);
INSERT INTO `sys_role_menu` VALUES (2, 1034);
INSERT INTO `sys_role_menu` VALUES (2, 1035);
INSERT INTO `sys_role_menu` VALUES (2, 1036);
INSERT INTO `sys_role_menu` VALUES (2, 1037);
INSERT INTO `sys_role_menu` VALUES (2, 1038);
INSERT INTO `sys_role_menu` VALUES (2, 1039);
INSERT INTO `sys_role_menu` VALUES (2, 1040);
INSERT INTO `sys_role_menu` VALUES (2, 1041);
INSERT INTO `sys_role_menu` VALUES (2, 1042);
INSERT INTO `sys_role_menu` VALUES (2, 1043);
INSERT INTO `sys_role_menu` VALUES (2, 1044);
INSERT INTO `sys_role_menu` VALUES (2, 1045);

-- ----------------------------
-- Table structure for sys_user
-- ----------------------------
DROP TABLE IF EXISTS `sys_user`;
CREATE TABLE `sys_user`  (
  `user_id` bigint NOT NULL AUTO_INCREMENT COMMENT 'з”ЁжҲ·ID',
  `dept_id` bigint NULL DEFAULT NULL COMMENT 'йғЁй—ЁID',
  `user_name` varchar(30) CHARACTER SET utf8mb4 COLLATE utf8mb4_general_ci NOT NULL COMMENT 'з”ЁжҲ·иҙҰеҸ·',
  `nick_name` varchar(30) CHARACTER SET utf8mb4 COLLATE utf8mb4_general_ci NOT NULL COMMENT 'з”ЁжҲ·жҳөз§°',
  `user_type` varchar(2) CHARACTER SET utf8mb4 COLLATE utf8mb4_general_ci NULL DEFAULT '00' COMMENT 'з”ЁжҲ·зұ»еһӢпјҲ00зі»з»ҹз”ЁжҲ·пјү',
  `email` varchar(50) CHARACTER SET utf8mb4 COLLATE utf8mb4_general_ci NULL DEFAULT '' COMMENT 'з”ЁжҲ·йӮ®з®ұ',
  `phonenumber` varchar(11) CHARACTER SET utf8mb4 COLLATE utf8mb4_general_ci NULL DEFAULT '' COMMENT 'жүӢжңәеҸ·з Ғ',
  `sex` char(1) CHARACTER SET utf8mb4 COLLATE utf8mb4_general_ci NULL DEFAULT '0' COMMENT 'з”ЁжҲ·жҖ§еҲ«пјҲ0з”· 1еҘі 2жңӘзҹҘпјү',
  `avatar` varchar(100) CHARACTER SET utf8mb4 COLLATE utf8mb4_general_ci NULL DEFAULT '' COMMENT 'еӨҙеғҸең°еқҖ',
  `password` varchar(100) CHARACTER SET utf8mb4 COLLATE utf8mb4_general_ci NULL DEFAULT '' COMMENT 'еҜҶз Ғ',
  `status` char(1) CHARACTER SET utf8mb4 COLLATE utf8mb4_general_ci NULL DEFAULT '0' COMMENT 'еёҗеҸ·зҠ¶жҖҒпјҲ0жӯЈеёё 1еҒңз”Ёпјү',
  `del_flag` char(1) CHARACTER SET utf8mb4 COLLATE utf8mb4_general_ci NULL DEFAULT '0' COMMENT 'еҲ йҷӨж Үеҝ—пјҲ0д»ЈиЎЁеӯҳеңЁ 2д»ЈиЎЁеҲ йҷӨпјү',
  `login_ip` varchar(128) CHARACTER SET utf8mb4 COLLATE utf8mb4_general_ci NULL DEFAULT '' COMMENT 'жңҖеҗҺзҷ»еҪ•IP',
  `login_date` datetime NULL DEFAULT NULL COMMENT 'жңҖеҗҺзҷ»еҪ•ж—¶й—ҙ',
  `create_by` varchar(64) CHARACTER SET utf8mb4 COLLATE utf8mb4_general_ci NULL DEFAULT '' COMMENT 'еҲӣе»әиҖ…',
  `create_time` datetime NULL DEFAULT NULL COMMENT 'еҲӣе»әж—¶й—ҙ',
  `update_by` varchar(64) CHARACTER SET utf8mb4 COLLATE utf8mb4_general_ci NULL DEFAULT '' COMMENT 'жӣҙж–°иҖ…',
  `update_time` datetime NULL DEFAULT NULL COMMENT 'жӣҙж–°ж—¶й—ҙ',
  `remark` varchar(500) CHARACTER SET utf8mb4 COLLATE utf8mb4_general_ci NULL DEFAULT NULL COMMENT 'еӨҮжіЁ',
  PRIMARY KEY (`user_id`) USING BTREE
) ENGINE = InnoDB AUTO_INCREMENT = 106 CHARACTER SET = utf8mb4 COLLATE = utf8mb4_general_ci COMMENT = 'з”ЁжҲ·дҝЎжҒҜиЎЁ' ROW_FORMAT = DYNAMIC;

-- ----------------------------
-- Records of sys_user
-- ----------------------------
INSERT INTO `sys_user` VALUES (1, 103, 'admin', 'CQUET', '00', 'CQUET@163.com', '15888888888', '1', '', '$2a$10$7JB720yubVSZvUI0rEqK/.VqGOZTH.ulu33dHOiBE8ByOhJIrdAu2', '0', '0', '127.0.0.1', '2025-11-18 18:01:24', 'admin', '2024-09-04 06:22:51', NULL, '2025-11-18 18:01:24', 'з®ЎзҗҶе‘ҳ');
INSERT INTO `sys_user` VALUES (2, 105, 'ry', 'жөӢиҜ•', '00', 'ry@qq.com', '15666666666', '1', '', '$2a$10$TZh50TgviSV8zEftiwy7ZuNHrdw7a.yloDmWLbNSDO1PSTacSvLRG', '0', '0', '127.0.0.1', '2025-10-25 21:23:26', 'admin', '2024-09-04 06:22:51', NULL, '2025-10-25 21:23:26', 'жөӢиҜ•е‘ҳ1');
INSERT INTO `sys_user` VALUES (105, NULL, 'liyuan', 'liyuan', '00', '', '', '0', '', '$2a$10$tgq/ctqpuY/moLaKttk/peQyxTfsy1X7nRW3MVYNCZYIuNvbqfVGK', '0', '0', '127.0.0.1', '2025-11-14 17:03:38', NULL, '2025-10-27 15:12:23', NULL, '2025-11-14 17:03:38', NULL);

-- ----------------------------
-- Table structure for sys_user_post
-- ----------------------------
DROP TABLE IF EXISTS `sys_user_post`;
CREATE TABLE `sys_user_post`  (
  `user_id` bigint NOT NULL COMMENT 'з”ЁжҲ·ID',
  `post_id` bigint NOT NULL COMMENT 'еІ—дҪҚID',
  PRIMARY KEY (`user_id`, `post_id`) USING BTREE
) ENGINE = InnoDB CHARACTER SET = utf8mb4 COLLATE = utf8mb4_general_ci COMMENT = 'з”ЁжҲ·дёҺеІ—дҪҚе…іиҒ”иЎЁ' ROW_FORMAT = DYNAMIC;

-- ----------------------------
-- Records of sys_user_post
-- ----------------------------
INSERT INTO `sys_user_post` VALUES (1, 1);
INSERT INTO `sys_user_post` VALUES (2, 2);
INSERT INTO `sys_user_post` VALUES (2, 3);

-- ----------------------------
-- Table structure for sys_user_role
-- ----------------------------
DROP TABLE IF EXISTS `sys_user_role`;
CREATE TABLE `sys_user_role`  (
  `user_id` bigint NOT NULL COMMENT 'з”ЁжҲ·ID',
  `role_id` bigint NOT NULL COMMENT 'и§’иүІID',
  PRIMARY KEY (`user_id`, `role_id`) USING BTREE
) ENGINE = InnoDB CHARACTER SET = utf8mb4 COLLATE = utf8mb4_general_ci COMMENT = 'з”ЁжҲ·е’Ңи§’иүІе…іиҒ”иЎЁ' ROW_FORMAT = DYNAMIC;

-- ----------------------------
-- Records of sys_user_role
-- ----------------------------
INSERT INTO `sys_user_role` VALUES (1, 1);
INSERT INTO `sys_user_role` VALUES (2, 2);

-- ----------------------------
-- Table structure for tourism_activity
-- ----------------------------
DROP TABLE IF EXISTS `tourism_activity`;
CREATE TABLE `tourism_activity`  (
  `id` bigint NOT NULL AUTO_INCREMENT COMMENT 'жҙ»еҠЁID',
  `name` varchar(100) CHARACTER SET utf8mb4 COLLATE utf8mb4_general_ci NOT NULL COMMENT 'жҙ»еҠЁеҗҚз§°',
  `cover_image` varchar(500) CHARACTER SET utf8mb4 COLLATE utf8mb4_general_ci NULL DEFAULT '' COMMENT 'жҙ»еҠЁе°ҒйқўеӣҫзүҮURL',
  `category` varchar(50) CHARACTER SET utf8mb4 COLLATE utf8mb4_general_ci NULL DEFAULT '' COMMENT 'жҙ»еҠЁзұ»еҲ«пјҲж–ҮеҢ–дҪ“йӘҢгҖҒиүәжңҜиЎЁжј”гҖҒж•ҷиӮІжҙ»еҠЁзӯүпјү',
  `venue_id` bigint NULL DEFAULT NULL COMMENT 'дёҫеҠһеңәйҰҶID',
  `organizer` varchar(100) CHARACTER SET utf8mb4 COLLATE utf8mb4_general_ci NULL DEFAULT '' COMMENT 'дё»еҠһж–№',
  `contact_phone` varchar(20) CHARACTER SET utf8mb4 COLLATE utf8mb4_general_ci NULL DEFAULT '' COMMENT 'иҒ”зі»з”өиҜқ',
  `start_time` datetime NULL DEFAULT NULL COMMENT 'жҙ»еҠЁејҖе§Ӣж—¶й—ҙ',
  `end_time` datetime NULL DEFAULT NULL COMMENT 'жҙ»еҠЁз»“жқҹж—¶й—ҙ',
  `registration_start` datetime NULL DEFAULT NULL COMMENT 'жҠҘеҗҚејҖе§Ӣж—¶й—ҙ',
  `registration_end` datetime NULL DEFAULT NULL COMMENT 'жҠҘеҗҚз»“жқҹж—¶й—ҙ',
  `max_participants` int NULL DEFAULT 0 COMMENT 'жңҖеӨ§еҸӮдёҺдәәж•°пјҲ0иЎЁзӨәдёҚйҷҗеҲ¶пјү',
  `current_participants` int NULL DEFAULT 0 COMMENT 'еҪ“еүҚжҠҘеҗҚдәәж•°',
  `fee` decimal(10, 2) NULL DEFAULT 0.00 COMMENT 'жҙ»еҠЁиҙ№з”ЁпјҲ0иЎЁзӨәе…Қиҙ№пјү',
  `description` longtext CHARACTER SET utf8mb4 COLLATE utf8mb4_general_ci NULL COMMENT 'жҙ»еҠЁиҜҰз»Ҷд»Ӣз»Қ',
  `requirements` text CHARACTER SET utf8mb4 COLLATE utf8mb4_general_ci NULL COMMENT 'еҸӮдёҺиҰҒжұӮ',
  `view_count` int NULL DEFAULT 0 COMMENT 'жөҸи§Ҳж¬Ўж•°',
  `comment_count` int NULL DEFAULT 0 COMMENT 'иҜ„и®әж¬Ўж•°',
  `status` char(1) CHARACTER SET utf8mb4 COLLATE utf8mb4_general_ci NULL DEFAULT '0' COMMENT 'зҠ¶жҖҒпјҲ0жӯЈеёё 1еҒңз”Ёпјү',
  `audit_status` char(1) CHARACTER SET utf8mb4 COLLATE utf8mb4_general_ci NULL DEFAULT '0' COMMENT 'е®Ўж ёзҠ¶жҖҒпјҲ0еҫ…е®Ўж ё 1е®Ўж ёйҖҡиҝҮ 2е®Ўж ёжӢ’з»қпјү',
  `audit_reason` varchar(500) CHARACTER SET utf8mb4 COLLATE utf8mb4_general_ci NULL DEFAULT '' COMMENT 'е®Ўж ёж„Ҹи§Ғ',
  `auditor` varchar(64) CHARACTER SET utf8mb4 COLLATE utf8mb4_general_ci NULL DEFAULT '' COMMENT 'е®Ўж ёдәә',
  `audit_time` datetime NULL DEFAULT NULL COMMENT 'е®Ўж ёж—¶й—ҙ',
  `create_by` varchar(64) CHARACTER SET utf8mb4 COLLATE utf8mb4_general_ci NULL DEFAULT '' COMMENT 'еҲӣе»әиҖ…',
  `create_time` datetime NULL DEFAULT NULL COMMENT 'еҲӣе»әж—¶й—ҙ',
  `update_by` varchar(64) CHARACTER SET utf8mb4 COLLATE utf8mb4_general_ci NULL DEFAULT '' COMMENT 'жӣҙж–°иҖ…',
  `update_time` datetime NULL DEFAULT NULL COMMENT 'жӣҙж–°ж—¶й—ҙ',
  `remark` varchar(500) CHARACTER SET utf8mb4 COLLATE utf8mb4_general_ci NULL DEFAULT NULL COMMENT 'еӨҮжіЁ',
  `del_flag` char(1) CHARACTER SET utf8mb4 COLLATE utf8mb4_general_ci NULL DEFAULT '0' COMMENT 'еҲ йҷӨж Үеҝ—пјҲ0д»ЈиЎЁеӯҳеңЁ 2д»ЈиЎЁеҲ йҷӨпјү',
  PRIMARY KEY (`id`) USING BTREE,
  INDEX `idx_name`(`name` ASC) USING BTREE,
  INDEX `idx_category`(`category` ASC) USING BTREE,
  INDEX `idx_venue_id`(`venue_id` ASC) USING BTREE,
  INDEX `idx_start_time`(`start_time` ASC) USING BTREE,
  INDEX `idx_status`(`status` ASC) USING BTREE,
  INDEX `idx_audit_status`(`audit_status` ASC) USING BTREE,
  INDEX `idx_create_time`(`create_time` ASC) USING BTREE,
  CONSTRAINT `fk_activity_venue` FOREIGN KEY (`venue_id`) REFERENCES `tourism_venue` (`id`) ON DELETE SET NULL ON UPDATE CASCADE
) ENGINE = InnoDB AUTO_INCREMENT = 12 CHARACTER SET = utf8mb4 COLLATE = utf8mb4_general_ci COMMENT = 'зү№иүІжҙ»еҠЁдҝЎжҒҜиЎЁ' ROW_FORMAT = DYNAMIC;

-- ----------------------------
-- Records of tourism_activity
-- ----------------------------
INSERT INTO `tourism_activity` VALUES (1, 'жөӢиҜ•001', '1', 'ж–ҮеҢ–дҪ“йӘҢ', 1, 'жөӢиҜ•001', '12344556677', '2025-11-16 16:52:45', '2025-11-15 16:52:48', '2025-11-15 16:52:53', '2025-11-15 16:52:54', 0, 0, 0.00, '111', NULL, 0, 0, '1', '2', 'жөӢиҜ•', 'admin', NULL, '', NULL, 'admin', '2025-11-18 16:08:17', NULL, '2');
INSERT INTO `tourism_activity` VALUES (7, 'йҮҚеәҶйқһйҒ—еұ•и§ҲеӯЈ', 'https://cdn.example.com/images/feiyi-expo.jpg', 'еұ•и§Ҳ', 1, 'йҮҚеәҶеёӮж–ҮеҢ–е’Ңж—…жёёе§”е‘ҳдјҡ', '13800138000', '2025-12-01 09:00:00', '2025-12-15 17:30:00', NULL, NULL, 0, 0, 0.00, 'йӣҶдёӯеұ•зӨәе·қжёқең°еҢәйқһйҒ—йЎ№зӣ®дёҺе·ҘиүәпјҢеҗ«дә’еҠЁдҪ“йӘҢгҖӮ', NULL, 0, 0, '0', '1', 'еҸҜд»Ҙ', 'admin', NULL, 'admin', '2025-11-15 17:58:32', 'admin', '2025-11-18 16:11:14', '', '2');
INSERT INTO `tourism_activity` VALUES (8, 'йҮҚеәҶйқһйҒ—еұ•и§ҲеӯЈ', 'https://cdn.example.com/images/feiyi-expo.jpg', 'еұ•и§Ҳ', 1, 'йҮҚеәҶеёӮж–ҮеҢ–е’Ңж—…жёёе§”е‘ҳдјҡ', '13800138000', '2025-12-01 09:00:00', '2025-12-15 17:30:00', NULL, NULL, 0, 0, 0.00, 'йӣҶдёӯеұ•зӨәе·қжёқең°еҢәйқһйҒ—йЎ№зӣ®дёҺе·ҘиүәпјҢеҗ«дә’еҠЁдҪ“йӘҢгҖӮ', NULL, 0, 0, '1', '1', 'еҸҜд»Ҙзҡ„', 'admin', NULL, 'admin', '2025-11-15 17:58:34', 'admin', '2025-11-18 16:11:04', '', '2');
INSERT INTO `tourism_activity` VALUES (9, 'еЈ«еӨ§еӨ«', '', 'жҳҜзҡ„', 7, '', '5562+', '2025-11-18 16:31:27', '2025-11-21 00:00:00', NULL, NULL, 0, 0, 0.00, NULL, NULL, 0, 0, '0', '1', '', 'admin', NULL, 'admin', '2025-11-18 16:31:29', '', '2025-11-18 16:31:46', NULL, '2');
INSERT INTO `tourism_activity` VALUES (10, 'ж°ҙжһңжҺ’йҳҹ', '/profile/upload/2025/11/18/ComfyUI_00001__20251118183359A009.png', 'жҳҜзҡ„', 9, 'жҳҜзҡ„е®ҳж–№', '18983432250', '2025-11-18 18:28:42', '2025-11-28 00:00:00', NULL, NULL, 0, 0, 0.00, NULL, NULL, 0, 0, '0', '1', 'еҸҜд»Ҙ', 'admin', NULL, 'admin', '2025-11-18 18:28:44', 'admin', '2025-11-18 18:34:03', NULL, '2');
INSERT INTO `tourism_activity` VALUES (11, 'дҪҺд»Јз ҒеӨ§иөӣ', '/profile/upload/2025/11/18/жӨҺеҗҚ_20251118192225A003.png', 'жҜ”иөӣ', 10, 'йҮҚеәҶеёӮз”өеӯҗз§‘жҠҖ', '', '2025-11-18 00:00:00', '2025-11-26 00:00:00', NULL, NULL, 4, 0, 0.00, 'дҪҺејҖеҗ—', NULL, 0, 0, '0', '1', 'жөӢиҜ•йҖҡиҝҮ', 'admin', NULL, 'admin', '2025-11-18 19:22:46', 'admin', '2025-11-18 19:29:33', NULL, '0');

-- ----------------------------
-- Table structure for tourism_activity_application
-- ----------------------------
DROP TABLE IF EXISTS `tourism_activity_application`;
CREATE TABLE `tourism_activity_application`  (
  `id` bigint NOT NULL AUTO_INCREMENT COMMENT 'жҠҘеҗҚID',
  `activity_id` bigint NOT NULL COMMENT 'жҙ»еҠЁID',
  `applicant_id` bigint NOT NULL COMMENT 'жҠҘеҗҚз”ЁжҲ·ID',
  `applicant_name` varchar(50) CHARACTER SET utf8mb4 COLLATE utf8mb4_general_ci NULL DEFAULT '' COMMENT 'жҠҘеҗҚдәәе§“еҗҚ',
  `applicant_phone` varchar(20) CHARACTER SET utf8mb4 COLLATE utf8mb4_general_ci NULL DEFAULT '' COMMENT 'жҠҘеҗҚдәәз”өиҜқ',
  `application_reason` text CHARACTER SET utf8mb4 COLLATE utf8mb4_general_ci NULL COMMENT 'жҠҘеҗҚзҗҶз”ұ',
  `status` char(1) CHARACTER SET utf8mb4 COLLATE utf8mb4_general_ci NULL DEFAULT '0' COMMENT 'жҠҘеҗҚзҠ¶жҖҒпјҲ0еҫ…е®Ўж ё 1е®Ўж ёйҖҡиҝҮ 2е®Ўж ёжӢ’з»қ 3е·ІеҸ–ж¶Ҳпјү',
  `audit_reason` varchar(500) CHARACTER SET utf8mb4 COLLATE utf8mb4_general_ci NULL DEFAULT '' COMMENT 'е®Ўж ёж„Ҹи§Ғ',
  `auditor` varchar(64) CHARACTER SET utf8mb4 COLLATE utf8mb4_general_ci NULL DEFAULT '' COMMENT 'е®Ўж ёдәә',
  `audit_time` datetime NULL DEFAULT NULL COMMENT 'е®Ўж ёж—¶й—ҙ',
  `create_by` varchar(64) CHARACTER SET utf8mb4 COLLATE utf8mb4_general_ci NULL DEFAULT '' COMMENT 'еҲӣе»әиҖ…',
  `create_time` datetime NULL DEFAULT NULL COMMENT 'еҲӣе»әж—¶й—ҙ',
  `update_by` varchar(64) CHARACTER SET utf8mb4 COLLATE utf8mb4_general_ci NULL DEFAULT '' COMMENT 'жӣҙж–°иҖ…',
  `update_time` datetime NULL DEFAULT NULL COMMENT 'жӣҙж–°ж—¶й—ҙ',
  `remark` varchar(500) CHARACTER SET utf8mb4 COLLATE utf8mb4_general_ci NULL DEFAULT NULL COMMENT 'еӨҮжіЁ',
  `del_flag` char(1) CHARACTER SET utf8mb4 COLLATE utf8mb4_general_ci NULL DEFAULT '0' COMMENT 'еҲ йҷӨж Үеҝ—пјҲ0д»ЈиЎЁеӯҳеңЁ 2д»ЈиЎЁеҲ йҷӨпјү',
  PRIMARY KEY (`id`) USING BTREE,
  UNIQUE INDEX `uk_activity_applicant`(`activity_id` ASC, `applicant_id` ASC) USING BTREE,
  INDEX `idx_activity_id`(`activity_id` ASC) USING BTREE,
  INDEX `idx_applicant_id`(`applicant_id` ASC) USING BTREE,
  INDEX `idx_status`(`status` ASC) USING BTREE,
  INDEX `idx_create_time`(`create_time` ASC) USING BTREE,
  CONSTRAINT `fk_application_activity` FOREIGN KEY (`activity_id`) REFERENCES `tourism_activity` (`id`) ON DELETE CASCADE ON UPDATE CASCADE,
  CONSTRAINT `fk_application_user` FOREIGN KEY (`applicant_id`) REFERENCES `sys_user` (`user_id`) ON DELETE CASCADE ON UPDATE CASCADE
) ENGINE = InnoDB AUTO_INCREMENT = 1 CHARACTER SET = utf8mb4 COLLATE = utf8mb4_general_ci COMMENT = 'зү№иүІжҙ»еҠЁжҠҘеҗҚиЎЁ' ROW_FORMAT = DYNAMIC;

-- ----------------------------
-- Records of tourism_activity_application
-- ----------------------------

-- ----------------------------
-- Table structure for tourism_activity_comment
-- ----------------------------
DROP TABLE IF EXISTS `tourism_activity_comment`;
CREATE TABLE `tourism_activity_comment`  (
  `id` bigint NOT NULL AUTO_INCREMENT COMMENT 'иҜ„и®әID',
  `activity_id` bigint NOT NULL COMMENT 'жҙ»еҠЁID',
  `user_id` bigint NOT NULL COMMENT 'иҜ„и®әз”ЁжҲ·ID',
  `user_name` varchar(50) CHARACTER SET utf8mb4 COLLATE utf8mb4_general_ci NULL DEFAULT '' COMMENT 'иҜ„и®әз”ЁжҲ·еҗҚ',
  `content` text CHARACTER SET utf8mb4 COLLATE utf8mb4_general_ci NOT NULL COMMENT 'иҜ„и®әеҶ…е®№',
  `parent_id` bigint NULL DEFAULT 0 COMMENT 'зҲ¶иҜ„и®әIDпјҲ0иЎЁзӨәйЎ¶зә§иҜ„и®әпјү',
  `status` char(1) CHARACTER SET utf8mb4 COLLATE utf8mb4_general_ci NULL DEFAULT '0' COMMENT 'зҠ¶жҖҒпјҲ0жӯЈеёё 1еҒңз”Ёпјү',
  `create_by` varchar(64) CHARACTER SET utf8mb4 COLLATE utf8mb4_general_ci NULL DEFAULT '' COMMENT 'еҲӣе»әиҖ…',
  `create_time` datetime NULL DEFAULT NULL COMMENT 'еҲӣе»әж—¶й—ҙ',
  `update_by` varchar(64) CHARACTER SET utf8mb4 COLLATE utf8mb4_general_ci NULL DEFAULT '' COMMENT 'жӣҙж–°иҖ…',
  `update_time` datetime NULL DEFAULT NULL COMMENT 'жӣҙж–°ж—¶й—ҙ',
  `remark` varchar(500) CHARACTER SET utf8mb4 COLLATE utf8mb4_general_ci NULL DEFAULT NULL COMMENT 'еӨҮжіЁ',
  `del_flag` char(1) CHARACTER SET utf8mb4 COLLATE utf8mb4_general_ci NULL DEFAULT '0' COMMENT 'еҲ йҷӨж Үеҝ—пјҲ0д»ЈиЎЁеӯҳеңЁ 2д»ЈиЎЁеҲ йҷӨпјү',
  PRIMARY KEY (`id`) USING BTREE,
  INDEX `idx_activity_id`(`activity_id` ASC) USING BTREE,
  INDEX `idx_user_id`(`user_id` ASC) USING BTREE,
  INDEX `idx_parent_id`(`parent_id` ASC) USING BTREE,
  INDEX `idx_status`(`status` ASC) USING BTREE,
  INDEX `idx_create_time`(`create_time` ASC) USING BTREE,
  CONSTRAINT `fk_comment_activity` FOREIGN KEY (`activity_id`) REFERENCES `tourism_activity` (`id`) ON DELETE CASCADE ON UPDATE CASCADE,
  CONSTRAINT `fk_comment_user` FOREIGN KEY (`user_id`) REFERENCES `sys_user` (`user_id`) ON DELETE CASCADE ON UPDATE CASCADE
) ENGINE = InnoDB AUTO_INCREMENT = 1 CHARACTER SET = utf8mb4 COLLATE = utf8mb4_general_ci COMMENT = 'жҙ»еҠЁиҜ„и®әиЎЁ' ROW_FORMAT = DYNAMIC;

-- ----------------------------
-- Records of tourism_activity_comment
-- ----------------------------

-- ----------------------------
-- Table structure for tourism_facilities
-- ----------------------------
DROP TABLE IF EXISTS `tourism_facilities`;
CREATE TABLE `tourism_facilities`  (
  `id` int NOT NULL AUTO_INCREMENT COMMENT 'и®ҫеӨҮдё»й”®',
  `facilities` text CHARACTER SET utf8mb4 COLLATE utf8mb4_0900_ai_ci NOT NULL COMMENT 'и®ҫеӨҮеҗҚз§°',
  PRIMARY KEY (`id`) USING BTREE
) ENGINE = InnoDB AUTO_INCREMENT = 4 CHARACTER SET = utf8mb4 COLLATE = utf8mb4_0900_ai_ci COMMENT = 'и®ҫеӨҮдҝЎжҒҜиЎЁ' ROW_FORMAT = Dynamic;

-- ----------------------------
-- Records of tourism_facilities
-- ----------------------------
INSERT INTO `tourism_facilities` VALUES (1, 'жёёжііжұ ');
INSERT INTO `tourism_facilities` VALUES (2, 'з”өи§Ҷжңә');
INSERT INTO `tourism_facilities` VALUES (3, 'з¬”и®°жң¬з”өи„‘');

-- ----------------------------
-- Table structure for tourism_image
-- ----------------------------
DROP TABLE IF EXISTS `tourism_image`;
CREATE TABLE `tourism_image`  (
  `id` int NOT NULL AUTO_INCREMENT COMMENT 'еӣҫзүҮдё»й”®',
  `image_url` varchar(255) CHARACTER SET utf8mb4 COLLATE utf8mb4_0900_ai_ci NOT NULL COMMENT 'еӣҫзүҮURLең°еқҖ',
  PRIMARY KEY (`id`) USING BTREE
) ENGINE = InnoDB AUTO_INCREMENT = 16 CHARACTER SET = utf8mb4 COLLATE = utf8mb4_0900_ai_ci COMMENT = 'ж—…жёёеӣҫзүҮдҝЎжҒҜиЎЁ' ROW_FORMAT = Dynamic;

-- ----------------------------
-- Records of tourism_image
-- ----------------------------
INSERT INTO `tourism_image` VALUES (1, '1.jpg');
INSERT INTO `tourism_image` VALUES (2, '2.jpg');
INSERT INTO `tourism_image` VALUES (3, '1.jpg');
INSERT INTO `tourism_image` VALUES (4, '2.jpg');
INSERT INTO `tourism_image` VALUES (5, '3.jpg');
INSERT INTO `tourism_image` VALUES (6, 'https://ts2.tc.mm.bing.net/th/id/OIP-C.QSb7FtM8GaCgiGC-jD7IawHaEK?rs=1&pid=ImgDetMain&o=7&rm=3');
INSERT INTO `tourism_image` VALUES (7, 'https://ts2.tc.mm.bing.net/th/id/OIP-C.QSb7FtM8GaCgiGC-jD7IawHaEK?rs=1&pid=ImgDetMain&o=7&rm=3');
INSERT INTO `tourism_image` VALUES (8, '/profile/upload/2025/11/18/еӨҙеғҸ_20251118172905A001.png');
INSERT INTO `tourism_image` VALUES (9, '/profile/upload/2025/11/18/жңӘж Үйўҳ-1_20251118172908A002.png');
INSERT INTO `tourism_image` VALUES (10, '/profile/upload/2025/11/18/жңӘж Үйўҳ-1_20251118172908A002.png');
INSERT INTO `tourism_image` VALUES (11, '/profile/upload/2025/11/18/еӨҙеғҸ_20251118181329A004.png');
INSERT INTO `tourism_image` VALUES (12, '/profile/upload/2025/11/18/еӨҙеғҸ_20251118181617A006.png');
INSERT INTO `tourism_image` VALUES (13, '/profile/upload/2025/11/18/еӨҙеғҸ_20251118181329A004.png');
INSERT INTO `tourism_image` VALUES (14, '/profile/upload/2025/11/18/еӨҙеғҸ_20251118182212A007.png');
INSERT INTO `tourism_image` VALUES (15, '/profile/upload/2025/11/18/еӨҙеғҸ_20251118181329A004.png');

-- ----------------------------
-- Table structure for tourism_news
-- ----------------------------
DROP TABLE IF EXISTS `tourism_news`;
CREATE TABLE `tourism_news`  (
  `id` int NOT NULL AUTO_INCREMENT COMMENT 'дё»й”®',
  `title` varchar(255) CHARACTER SET utf8mb4 COLLATE utf8mb4_0900_ai_ci NULL DEFAULT NULL COMMENT 'ж Үйўҳ',
  `content` text CHARACTER SET utf8mb4 COLLATE utf8mb4_0900_ai_ci NULL COMMENT 'ж–°й—»еҶ…е®№',
  `author` varchar(64) CHARACTER SET utf8mb4 COLLATE utf8mb4_0900_ai_ci NULL DEFAULT NULL COMMENT 'дҪңиҖ…',
  `create_time` datetime NULL DEFAULT NULL COMMENT 'еҸ‘еёғж—¶й—ҙ',
  `create_by` varchar(64) CHARACTER SET utf8mb4 COLLATE utf8mb4_0900_ai_ci NULL DEFAULT NULL COMMENT 'еҲӣе»әиҖ…',
  `update_time` datetime NULL DEFAULT NULL COMMENT 'дҝ®ж”№ж—¶й—ҙ',
  `update_by` varchar(64) CHARACTER SET utf8mb4 COLLATE utf8mb4_0900_ai_ci NULL DEFAULT NULL COMMENT 'дҝ®ж”№иҖ…',
  `del_flag` int NULL DEFAULT NULL COMMENT 'еҲ йҷӨж ҮиҜҶпјҲ0пјҡеӯҳеңЁпјҢ2пјҡеҲ йҷӨпјү',
  `status` int NULL DEFAULT NULL COMMENT 'зҠ¶жҖҒпјҲ0пјҡжӯЈеёёпјҢ1пјҡеҒңз”Ёпјү',
  `remark` varchar(255) CHARACTER SET utf8mb4 COLLATE utf8mb4_0900_ai_ci NULL DEFAULT NULL COMMENT 'еӨҮжіЁ',
  PRIMARY KEY (`id`) USING BTREE
) ENGINE = InnoDB AUTO_INCREMENT = 10 CHARACTER SET = utf8mb4 COLLATE = utf8mb4_0900_ai_ci COMMENT = 'ж—…жёёйЎ№зӣ®иЎЁ' ROW_FORMAT = DYNAMIC;

-- ----------------------------
-- Records of tourism_news
-- ----------------------------
INSERT INTO `tourism_news` VALUES (1, 'жөӢиҜ•ж Үйўҳ001пјҲдҝ®ж”№еҗҺпјү', 'жөӢиҜ•еҶ…е®№001пјҲдҝ®ж”№еҗҺпјү', 'жөӢиҜ•дҪңиҖ…001пјҲдҝ®ж”№еҗҺпјү', '2025-10-28 19:55:09', 'liyuan', '2025-11-04 16:28:01', 'admin', 2, NULL, NULL);
INSERT INTO `tourism_news` VALUES (2, 'жөӢиҜ•ж Үйўҳ002', 'жөӢиҜ•еҶ…е®№002', 'жөӢиҜ•дҪңиҖ…002', '2025-10-29 10:41:38', 'liyuan', '2025-11-04 16:28:01', 'admin', 2, NULL, NULL);
INSERT INTO `tourism_news` VALUES (3, 'жөӢиҜ•ж Үйўҳ003', 'жөӢиҜ•еҶ…е®№003', 'жөӢиҜ•дҪңиҖ…003', '2025-10-29 10:41:46', 'liyuan', '2025-11-18 18:55:21', 'admin', 0, 0, NULL);
INSERT INTO `tourism_news` VALUES (4, 'жөӢиҜ•ж Үйўҳ004', 'жөӢиҜ•еҶ…е®№004', 'жөӢиҜ•дҪңиҖ…004', '2025-10-29 10:41:52', 'liyuan', NULL, NULL, 0, NULL, NULL);
INSERT INTO `tourism_news` VALUES (5, 'жөӢиҜ•ж Үйўҳ005', 'жөӢиҜ•еҶ…е®№005', 'жөӢиҜ•дҪңиҖ…005', '2025-10-29 10:41:59', 'liyuan', '2025-10-29 10:58:59', 'liyuan', 2, NULL, NULL);
INSERT INTO `tourism_news` VALUES (6, 'жөӢиҜ•ж Үйўҳ006', 'жөӢиҜ•еҶ…е®№006', 'жөӢиҜ•дҪңиҖ…006', '2025-10-29 10:42:09', 'liyuan', '2025-10-29 10:58:59', 'liyuan', 2, NULL, NULL);
INSERT INTO `tourism_news` VALUES (7, 'жөӢиҜ•ж Үйўҳ007', 'жөӢиҜ•еҶ…е®№007', 'жөӢиҜ•дҪңиҖ…007', '2025-10-29 10:42:16', 'liyuan', '2025-10-29 10:58:27', 'liyuan', 2, NULL, NULL);
INSERT INTO `tourism_news` VALUES (8, 'йҖӮеҪ“ж”ҫжқҫзҡ„ең°ж–№жҳҜзҡ„', '<p>йҖӮеҪ“ж”ҫжқҫзҡ„ең°ж–№жҳҜзҡ„</p>', 'йҖӮеҪ“ж”ҫжқҫзҡ„ең°ж–№жҳҜзҡ„', '2025-11-04 16:39:43', 'admin', NULL, NULL, 0, NULL, 'йҖӮеҪ“ж”ҫжқҫзҡ„ең°ж–№жҳҜзҡ„');
INSERT INTO `tourism_news` VALUES (9, 'жҳҜзҡ„еҸ‘з”ҹзҡ„еҸ‘з”ҹзҡ„', '<p>еЈ«еӨ§еӨ«жҳҜзҡ„еҸ‘йҖҒ </p>', 'жҳҜзҡ„еҸ‘йҖҒеҸ‘зҡ„', '2025-11-18 19:18:16', 'admin', NULL, NULL, 0, NULL, 'жҳҜзҡ„еҸ‘еЈ«еӨ§еӨ«жҳҜ');

-- ----------------------------
-- Table structure for tourism_notice
-- ----------------------------
DROP TABLE IF EXISTS `tourism_notice`;
CREATE TABLE `tourism_notice`  (
  `id` bigint NOT NULL AUTO_INCREMENT COMMENT 'йҖҡзҹҘID',
  `notice_title` varchar(200) CHARACTER SET utf8mb4 COLLATE utf8mb4_general_ci NOT NULL COMMENT 'йҖҡзҹҘж Үйўҳ',
  `notice_content` longtext CHARACTER SET utf8mb4 COLLATE utf8mb4_general_ci NULL COMMENT 'йҖҡзҹҘеҶ…е®№',
  `notice_type` char(1) CHARACTER SET utf8mb4 COLLATE utf8mb4_general_ci NULL DEFAULT '1' COMMENT 'йҖҡзҹҘзұ»еһӢпјҲ1йҖҡзҹҘ 2е…¬е‘Ҡпјү',
  `priority` char(1) CHARACTER SET utf8mb4 COLLATE utf8mb4_general_ci NULL DEFAULT '0' COMMENT 'дјҳе…Ҳзә§пјҲ0жҷ®йҖҡ 1йҮҚиҰҒ 2зҙ§жҖҘпјү',
  `view_count` int NULL DEFAULT 0 COMMENT 'жөҸи§Ҳж¬Ўж•°',
  `status` char(1) CHARACTER SET utf8mb4 COLLATE utf8mb4_general_ci NULL DEFAULT '0' COMMENT 'зҠ¶жҖҒпјҲ0жӯЈеёё 1еҒңз”Ёпјү',
  `create_by` varchar(64) CHARACTER SET utf8mb4 COLLATE utf8mb4_general_ci NULL DEFAULT '' COMMENT 'еҲӣе»әиҖ…',
  `create_time` datetime NULL DEFAULT NULL COMMENT 'еҲӣе»әж—¶й—ҙ',
  `update_by` varchar(64) CHARACTER SET utf8mb4 COLLATE utf8mb4_general_ci NULL DEFAULT '' COMMENT 'жӣҙж–°иҖ…',
  `update_time` datetime NULL DEFAULT NULL COMMENT 'жӣҙж–°ж—¶й—ҙ',
  `remark` varchar(500) CHARACTER SET utf8mb4 COLLATE utf8mb4_general_ci NULL DEFAULT NULL COMMENT 'еӨҮжіЁ',
  `del_flag` char(1) CHARACTER SET utf8mb4 COLLATE utf8mb4_general_ci NULL DEFAULT '0' COMMENT 'еҲ йҷӨж Үеҝ—пјҲ0д»ЈиЎЁеӯҳеңЁ 2д»ЈиЎЁеҲ йҷӨпјү',
  PRIMARY KEY (`id`) USING BTREE,
  INDEX `idx_notice_type`(`notice_type` ASC) USING BTREE,
  INDEX `idx_status`(`status` ASC) USING BTREE,
  INDEX `idx_create_time`(`create_time` ASC) USING BTREE,
  INDEX `idx_priority`(`priority` ASC) USING BTREE
) ENGINE = InnoDB AUTO_INCREMENT = 4 CHARACTER SET = utf8mb4 COLLATE = utf8mb4_general_ci COMMENT = 'йҖҡзҹҘе…¬е‘ҠиЎЁ' ROW_FORMAT = DYNAMIC;

-- ----------------------------
-- Records of tourism_notice
-- ----------------------------
INSERT INTO `tourism_notice` VALUES (1, 'йҮҚеәҶж–Үж—…зҪ‘з«ҷжӯЈејҸдёҠзәҝ', 'ж¬ўиҝҺдҪҝз”ЁйҮҚеәҶж–ҮеҢ–ж—…жёёжңҚеҠЎе№іеҸ°пјҒжң¬е№іеҸ°дёәжӮЁжҸҗдҫӣAзә§жҷҜеҢәдҝЎжҒҜгҖҒж–ҮеҢ–еңәйҰҶд»Ӣз»ҚгҖҒзү№иүІжҙ»еҠЁжҠҘеҗҚзӯүжңҚеҠЎгҖӮ', '2', '1', 0, '0', 'admin', '2025-11-02 12:19:13', '', NULL, 'зі»з»ҹйҖҡзҹҘ', '0');
INSERT INTO `tourism_notice` VALUES (2, 'жҳҘиҠӮжңҹй—ҙжҙ»еҠЁе®үжҺ’йҖҡзҹҘ', 'жҳҘиҠӮжңҹй—ҙпјҢеҗ„еӨ§жҷҜеҢәе’Ңж–ҮеҢ–еңәйҰҶе°ҶдёҫеҠһдё°еҜҢеӨҡеҪ©зҡ„ж–ҮеҢ–жҙ»еҠЁпјҢж¬ўиҝҺе№ҝеӨ§еёӮж°‘е’Ңжёёе®ўеҸӮдёҺгҖӮ', '1', '0', 0, '0', 'admin', '2025-11-02 12:19:13', '', NULL, 'иҠӮж—ҘйҖҡзҹҘ', '0');
INSERT INTO `tourism_notice` VALUES (3, 'жөӢжҳҜ', '<p>жҳҜйўқ</p>', '1', '0', 0, '0', 'admin', '2025-11-18 19:17:52', '', NULL, 'жҳҜ', '0');

-- ----------------------------
-- Table structure for tourism_scenic_spot
-- ----------------------------
DROP TABLE IF EXISTS `tourism_scenic_spot`;
CREATE TABLE `tourism_scenic_spot`  (
  `id` bigint NOT NULL AUTO_INCREMENT COMMENT 'жҷҜеҢәID',
  `name` varchar(100) CHARACTER SET utf8mb4 COLLATE utf8mb4_general_ci NOT NULL COMMENT 'жҷҜеҢәеҗҚз§°',
  `level` varchar(10) CHARACTER SET utf8mb4 COLLATE utf8mb4_general_ci NULL DEFAULT 'A' COMMENT 'жҷҜеҢәзӯүзә§пјҲAгҖҒAAгҖҒAAAгҖҒAAAAгҖҒAAAAAпјү',
  `cover_image` varchar(500) CHARACTER SET utf8mb4 COLLATE utf8mb4_general_ci NULL DEFAULT '' COMMENT 'е°ҒйқўеӣҫзүҮURL',
  `ticket_price` decimal(10, 2) NULL DEFAULT 0.00 COMMENT 'й—ЁзҘЁд»·ж ј',
  `address` varchar(200) CHARACTER SET utf8mb4 COLLATE utf8mb4_general_ci NULL DEFAULT '' COMMENT 'жҷҜеҢәең°еқҖ',
  `city` varchar(50) CHARACTER SET utf8mb4 COLLATE utf8mb4_general_ci NULL DEFAULT '' COMMENT 'жүҖеңЁеҹҺеёӮ',
  `district` varchar(50) CHARACTER SET utf8mb4 COLLATE utf8mb4_general_ci NULL DEFAULT '' COMMENT 'жүҖеңЁеҢәеҺҝ',
  `opening_hours` varchar(100) CHARACTER SET utf8mb4 COLLATE utf8mb4_general_ci NULL DEFAULT '' COMMENT 'ејҖж”ҫж—¶й—ҙ',
  `contact_phone` varchar(20) CHARACTER SET utf8mb4 COLLATE utf8mb4_general_ci NULL DEFAULT '' COMMENT 'иҒ”зі»з”өиҜқ',
  `website` varchar(200) CHARACTER SET utf8mb4 COLLATE utf8mb4_general_ci NULL DEFAULT '' COMMENT 'е®ҳж–№зҪ‘з«ҷ',
  `description` longtext CHARACTER SET utf8mb4 COLLATE utf8mb4_general_ci NULL COMMENT 'жҷҜеҢәд»Ӣз»Қ',
  `longitude` decimal(10, 7) NULL DEFAULT NULL COMMENT 'з»ҸеәҰ',
  `latitude` decimal(10, 7) NULL DEFAULT NULL COMMENT 'зә¬еәҰ',
  `collection_count` int NULL DEFAULT 0 COMMENT 'ж”¶и—Ҹж¬Ўж•°',
  `view_count` int NULL DEFAULT 0 COMMENT 'жөҸи§Ҳж¬Ўж•°',
  `status` char(1) CHARACTER SET utf8mb4 COLLATE utf8mb4_general_ci NULL DEFAULT '0' COMMENT 'зҠ¶жҖҒпјҲ0жӯЈеёё 1еҒңз”Ёпјү',
  `create_by` varchar(64) CHARACTER SET utf8mb4 COLLATE utf8mb4_general_ci NULL DEFAULT '' COMMENT 'еҲӣе»әиҖ…',
  `create_time` datetime NULL DEFAULT NULL COMMENT 'еҲӣе»әж—¶й—ҙ',
  `update_by` varchar(64) CHARACTER SET utf8mb4 COLLATE utf8mb4_general_ci NULL DEFAULT '' COMMENT 'жӣҙж–°иҖ…',
  `update_time` datetime NULL DEFAULT NULL COMMENT 'жӣҙж–°ж—¶й—ҙ',
  `remark` varchar(500) CHARACTER SET utf8mb4 COLLATE utf8mb4_general_ci NULL DEFAULT NULL COMMENT 'еӨҮжіЁ',
  `del_flag` char(1) CHARACTER SET utf8mb4 COLLATE utf8mb4_general_ci NULL DEFAULT '0' COMMENT 'еҲ йҷӨж Үеҝ—пјҲ0д»ЈиЎЁеӯҳеңЁ 2д»ЈиЎЁеҲ йҷӨпјү',
  PRIMARY KEY (`id`) USING BTREE,
  INDEX `idx_name`(`name` ASC) USING BTREE,
  INDEX `idx_level`(`level` ASC) USING BTREE,
  INDEX `idx_city`(`city` ASC) USING BTREE,
  INDEX `idx_status`(`status` ASC) USING BTREE,
  INDEX `idx_create_time`(`create_time` ASC) USING BTREE
) ENGINE = InnoDB AUTO_INCREMENT = 29 CHARACTER SET = utf8mb4 COLLATE = utf8mb4_general_ci COMMENT = 'Aзә§жҷҜеҢәдҝЎжҒҜиЎЁ' ROW_FORMAT = DYNAMIC;

-- ----------------------------
-- Records of tourism_scenic_spot
-- ----------------------------
INSERT INTO `tourism_scenic_spot` VALUES (22, 'жөӢиҜ•004', 'AAAA', '/profile/upload/2025/11/10/еұҸе№•жҲӘеӣҫ 2025-05-24 192846_20251110152946A016.png', 50.00, 'еӨ§еӯҰеҹҺдёңи·Ҝ76еҸ·', 'еҢ—дә¬', '', '', '13408206603', '', NULL, 0.0000000, 0.0000000, 0, 0, '0', 'admin', '2025-11-10 15:29:52', 'admin', '2025-11-11 16:12:05', '1111', '2');
INSERT INTO `tourism_scenic_spot` VALUES (23, 'д№қеҜЁжІҹйЈҺжҷҜеҗҚиғңеҢә', '5A', '/profile/upload/2025/11/18/redis-cover_20251118183617A010.jpg', 169.00, 'еӣӣе·қзңҒйҳҝеққи—Ҹж—ҸзҫҢж—ҸиҮӘжІ»е·һд№қеҜЁжІҹеҺҝ', 'йҳҝеққе·һ', 'д№қеҜЁжІҹеҺҝ', '08:00-18:00', '', '', 'д№қеҜЁжІҹжҳҜдё–з•ҢиҮӘз„¶йҒ—дә§гҖҒеӣҪе®¶йҮҚзӮ№йЈҺжҷҜеҗҚиғңеҢәгҖҒеӣҪе®¶AAAAAзә§ж—…жёёжҷҜеҢәгҖҒеӣҪе®¶зә§иҮӘз„¶дҝқжҠӨеҢәгҖҒеӣҪе®¶ең°иҙЁе…¬еӣӯгҖҒдё–з•Ңз”ҹзү©еңҲдҝқжҠӨеҢәзҪ‘з»ңпјҢжҳҜдёӯеӣҪз¬¬дёҖдёӘд»ҘдҝқжҠӨиҮӘз„¶йЈҺжҷҜдёәдё»иҰҒзӣ®зҡ„зҡ„иҮӘз„¶дҝқжҠӨеҢәгҖӮ', 103.9180000, 33.2540000, 0, 0, '0', 'admin', '2025-11-14 17:14:16', 'admin', '2025-11-18 18:36:19', NULL, '2');
INSERT INTO `tourism_scenic_spot` VALUES (24, 'жөӢиҜ•001', 'AAA', '', 0.00, 'жөӢиҜ•001', 'жөӢиҜ•001', '', '', '', '', 'жөӢиҜ•001', NULL, NULL, 0, 0, '0', 'admin', '2025-11-14 17:57:56', '', NULL, NULL, '2');
INSERT INTO `tourism_scenic_spot` VALUES (25, 'йҮҚеәҶи§Јж”ҫзў‘', 'AAAAA', '/profile/upload/2025/11/18/жңӘж Үйўҳ-1_20251118181325A003.png', 0.00, 'йҮҚеәҶеёӮ', 'йҮҚеәҶеёӮ', 'йҮҚеәҶеёӮ', 'е…ЁеӨ©', '18983432250', 'cq.com', 'и§Јж”ҫзў‘', 6.0000000, -6.0000000, 0, 0, '0', 'admin', '2025-11-18 15:32:04', 'admin', '2025-11-18 18:22:21', NULL, '2');
INSERT INTO `tourism_scenic_spot` VALUES (26, 'жөӢиҜ•', 'A', '/profile/upload/2025/11/18/mmexport1762929757923_20251118172249A001.jpeg', 0.00, 'еҪ©иүІ', 'жөӢиҜ•', '', 'жөӢиҜ•', '', '', NULL, 3.0000000, 3.0000000, 0, 0, '0', 'admin', '2025-11-18 17:23:13', 'admin', '2025-11-18 18:10:59', NULL, '2');
INSERT INTO `tourism_scenic_spot` VALUES (27, 'жөӢиҜ•жөӢиҜ•', 'A', '/profile/upload/2025/11/18/mmexport1762929757923_20251118172249A001.jpeg', 0.00, 'еҪ©иүІ', 'жөӢиҜ•', '', 'жөӢиҜ•', '', '', NULL, 3.0000000, 3.0000000, 0, 0, '0', 'admin', '2025-11-18 17:23:23', '', NULL, NULL, '2');
INSERT INTO `tourism_scenic_spot` VALUES (28, 'йҮҚеәҶз”өеӯҗз§‘жҠҖиҒҢдёҡеӨ§еӯҰ', 'AAAAA', '/profile/upload/2025/11/18/е°Ҹе·қ_20251118192010A001.jpg', 0.00, 'йҮҚеәҶеёӮдёӨжұҹж–°еҢә', 'йҮҚеәҶеёӮ', 'йҮҚеәҶеёӮдёӨжұҹж–°еҢә', 'е…ЁеӨ©', '18983432250', 'cquet', 'йҮҚеәҶеёӮж°ёе·қеҢә', 2.0000000, 3.0000000, 0, 0, '0', 'admin', '2025-11-18 19:20:17', '', NULL, 'жөӢиҜ•', '0');

-- ----------------------------
-- Table structure for tourism_scenic_spot_image
-- ----------------------------
DROP TABLE IF EXISTS `tourism_scenic_spot_image`;
CREATE TABLE `tourism_scenic_spot_image`  (
  `id` int NOT NULL AUTO_INCREMENT COMMENT 'е…іиҒ”и®°еҪ•дё»й”®',
  `scenic_spot_id` bigint NOT NULL COMMENT 'е…іиҒ”зҡ„ж—…жёёжҷҜеҢәIDпјҲеӨ–й”®пјү',
  `image_id` int NOT NULL COMMENT 'е…іиҒ”зҡ„еӣҫзүҮIDпјҲеӨ–й”®пјү',
  `sort` int NULL DEFAULT 0 COMMENT 'еӣҫзүҮжҺ’еәҸеәҸеҸ·',
  PRIMARY KEY (`id`) USING BTREE,
  UNIQUE INDEX `uk_venue_image`(`scenic_spot_id` ASC, `image_id` ASC) USING BTREE,
  INDEX `image_id`(`image_id` ASC) USING BTREE,
  CONSTRAINT `tourism_scenic_spot_image_ibfk_1` FOREIGN KEY (`scenic_spot_id`) REFERENCES `tourism_scenic_spot` (`id`) ON DELETE CASCADE ON UPDATE RESTRICT,
  CONSTRAINT `tourism_scenic_spot_image_ibfk_2` FOREIGN KEY (`image_id`) REFERENCES `tourism_image` (`id`) ON DELETE CASCADE ON UPDATE RESTRICT
) ENGINE = InnoDB AUTO_INCREMENT = 10 CHARACTER SET = utf8mb4 COLLATE = utf8mb4_0900_ai_ci COMMENT = 'ж—…жёёжҷҜеҢә-еӣҫзүҮе…іиҒ”иЎЁ' ROW_FORMAT = Dynamic;

-- ----------------------------
-- Records of tourism_scenic_spot_image
-- ----------------------------

-- ----------------------------
-- Table structure for tourism_user_collection
-- ----------------------------
DROP TABLE IF EXISTS `tourism_user_collection`;
CREATE TABLE `tourism_user_collection`  (
  `id` bigint NOT NULL AUTO_INCREMENT COMMENT 'ж”¶и—ҸID',
  `user_id` bigint NOT NULL COMMENT 'з”ЁжҲ·ID',
  `target_type` varchar(20) CHARACTER SET utf8mb4 COLLATE utf8mb4_general_ci NOT NULL COMMENT 'ж”¶и—Ҹзӣ®ж Үзұ»еһӢпјҲscenic_spotгҖҒvenueгҖҒactivityпјү',
  `target_id` bigint NOT NULL COMMENT 'ж”¶и—Ҹзӣ®ж ҮID',
  `create_by` varchar(64) CHARACTER SET utf8mb4 COLLATE utf8mb4_general_ci NULL DEFAULT '' COMMENT 'еҲӣе»әиҖ…',
  `create_time` datetime NULL DEFAULT NULL COMMENT 'еҲӣе»әж—¶й—ҙ',
  `update_by` varchar(64) CHARACTER SET utf8mb4 COLLATE utf8mb4_general_ci NULL DEFAULT '' COMMENT 'жӣҙж–°иҖ…',
  `update_time` datetime NULL DEFAULT NULL COMMENT 'жӣҙж–°ж—¶й—ҙ',
  `remark` varchar(500) CHARACTER SET utf8mb4 COLLATE utf8mb4_general_ci NULL DEFAULT NULL COMMENT 'еӨҮжіЁ',
  `del_flag` char(1) CHARACTER SET utf8mb4 COLLATE utf8mb4_general_ci NULL DEFAULT '0' COMMENT 'еҲ йҷӨж Үеҝ—пјҲ0д»ЈиЎЁеӯҳеңЁ 2д»ЈиЎЁеҲ йҷӨпјү',
  PRIMARY KEY (`id`) USING BTREE,
  UNIQUE INDEX `uk_user_target`(`user_id` ASC, `target_type` ASC, `target_id` ASC) USING BTREE,
  INDEX `idx_user_id`(`user_id` ASC) USING BTREE,
  INDEX `idx_target_type`(`target_type` ASC) USING BTREE,
  INDEX `idx_create_time`(`create_time` ASC) USING BTREE,
  CONSTRAINT `fk_collection_user` FOREIGN KEY (`user_id`) REFERENCES `sys_user` (`user_id`) ON DELETE CASCADE ON UPDATE CASCADE
) ENGINE = InnoDB AUTO_INCREMENT = 1 CHARACTER SET = utf8mb4 COLLATE = utf8mb4_general_ci COMMENT = 'з”ЁжҲ·ж”¶и—ҸдҝЎжҒҜиЎЁ' ROW_FORMAT = DYNAMIC;

-- ----------------------------
-- Records of tourism_user_collection
-- ----------------------------

-- ----------------------------
-- Table structure for tourism_venue
-- ----------------------------
DROP TABLE IF EXISTS `tourism_venue`;
CREATE TABLE `tourism_venue`  (
  `id` bigint NOT NULL AUTO_INCREMENT COMMENT 'еңәйҰҶID',
  `name` varchar(100) CHARACTER SET utf8mb4 COLLATE utf8mb4_general_ci NOT NULL COMMENT 'еңәйҰҶеҗҚз§°',
  `category` varchar(50) CHARACTER SET utf8mb4 COLLATE utf8mb4_general_ci NULL DEFAULT '' COMMENT 'еңәйҰҶзұ»еҲ«пјҲеҚҡзү©йҰҶгҖҒеӣҫд№ҰйҰҶгҖҒж–ҮеҢ–йҰҶгҖҒеү§йҷўзӯүпјү',
  `cover_image` varchar(500) CHARACTER SET utf8mb4 COLLATE utf8mb4_general_ci NULL DEFAULT '' COMMENT 'е°ҒйқўеӣҫзүҮURL',
  `ticket_price` decimal(10, 2) NULL DEFAULT 0.00 COMMENT 'й—ЁзҘЁд»·ж јпјҲ0иЎЁзӨәе…Қиҙ№пјү',
  `address` varchar(200) CHARACTER SET utf8mb4 COLLATE utf8mb4_general_ci NULL DEFAULT '' COMMENT 'еңәйҰҶең°еқҖ',
  `city` varchar(50) CHARACTER SET utf8mb4 COLLATE utf8mb4_general_ci NULL DEFAULT '' COMMENT 'жүҖеңЁеҹҺеёӮ',
  `district` varchar(50) CHARACTER SET utf8mb4 COLLATE utf8mb4_general_ci NULL DEFAULT '' COMMENT 'жүҖеңЁеҢәеҺҝ',
  `opening_hours` varchar(100) CHARACTER SET utf8mb4 COLLATE utf8mb4_general_ci NULL DEFAULT '' COMMENT 'ејҖж”ҫж—¶й—ҙ',
  `contact_phone` varchar(20) CHARACTER SET utf8mb4 COLLATE utf8mb4_general_ci NULL DEFAULT '' COMMENT 'иҒ”зі»з”өиҜқ',
  `website` varchar(200) CHARACTER SET utf8mb4 COLLATE utf8mb4_general_ci NULL DEFAULT '' COMMENT 'е®ҳж–№зҪ‘з«ҷ',
  `description` longtext CHARACTER SET utf8mb4 COLLATE utf8mb4_general_ci NULL COMMENT 'еңәйҰҶд»Ӣз»Қ',
  `longitude` decimal(10, 7) NULL DEFAULT NULL COMMENT 'з»ҸеәҰ',
  `latitude` decimal(10, 7) NULL DEFAULT NULL COMMENT 'зә¬еәҰ',
  `capacity` int NULL DEFAULT 0 COMMENT 'е®№зәідәәж•°',
  `booking_required` char(1) CHARACTER SET utf8mb4 COLLATE utf8mb4_general_ci NULL DEFAULT '0' COMMENT 'жҳҜеҗҰйңҖиҰҒйў„зәҰпјҲ0дёҚйңҖиҰҒ 1йңҖиҰҒпјү',
  `collection_count` int NULL DEFAULT 0 COMMENT 'ж”¶и—Ҹж¬Ўж•°',
  `view_count` int NULL DEFAULT 0 COMMENT 'жөҸи§Ҳж¬Ўж•°',
  `status` char(1) CHARACTER SET utf8mb4 COLLATE utf8mb4_general_ci NULL DEFAULT '0' COMMENT 'зҠ¶жҖҒпјҲ0жӯЈеёё 1еҒңз”Ёпјү',
  `create_by` varchar(64) CHARACTER SET utf8mb4 COLLATE utf8mb4_general_ci NULL DEFAULT '' COMMENT 'еҲӣе»әиҖ…',
  `create_time` datetime NULL DEFAULT NULL COMMENT 'еҲӣе»әж—¶й—ҙ',
  `update_by` varchar(64) CHARACTER SET utf8mb4 COLLATE utf8mb4_general_ci NULL DEFAULT '' COMMENT 'жӣҙж–°иҖ…',
  `update_time` datetime NULL DEFAULT NULL COMMENT 'жӣҙж–°ж—¶й—ҙ',
  `remark` varchar(500) CHARACTER SET utf8mb4 COLLATE utf8mb4_general_ci NULL DEFAULT NULL COMMENT 'еӨҮжіЁ',
  `del_flag` char(1) CHARACTER SET utf8mb4 COLLATE utf8mb4_general_ci NULL DEFAULT '0' COMMENT 'еҲ йҷӨж Үеҝ—пјҲ0д»ЈиЎЁеӯҳеңЁ 2д»ЈиЎЁеҲ йҷӨпјү',
  PRIMARY KEY (`id`) USING BTREE,
  INDEX `idx_name`(`name` ASC) USING BTREE,
  INDEX `idx_category`(`category` ASC) USING BTREE,
  INDEX `idx_city`(`city` ASC) USING BTREE,
  INDEX `idx_status`(`status` ASC) USING BTREE,
  INDEX `idx_create_time`(`create_time` ASC) USING BTREE
) ENGINE = InnoDB AUTO_INCREMENT = 11 CHARACTER SET = utf8mb4 COLLATE = utf8mb4_general_ci COMMENT = 'еңәйҰҶдҝЎжҒҜиЎЁ' ROW_FORMAT = DYNAMIC;

-- ----------------------------
-- Records of tourism_venue
-- ----------------------------
INSERT INTO `tourism_venue` VALUES (1, 'йҮҚеәҶдёӯеӣҪдёүеіЎеҚҡзү©йҰҶ', 'еҚҡзү©йҰҶ', '/images/sanxia_museum_cover.jpg', 0.00, 'йҮҚеәҶеёӮжёқдёӯеҢәдәәж°‘и·Ҝ236еҸ·', 'йҮҚеәҶеёӮ', 'жёқдёӯеҢә', '09:00-17:00пјҲе‘ЁдёҖй—ӯйҰҶпјү', '023-63679066', 'http://www.3gmuseum.cn', 'йҮҚеәҶдёӯеӣҪдёүеіЎеҚҡзү©йҰҶжҳҜйҰ–жү№еӣҪе®¶дёҖзә§еҚҡзү©йҰҶпјҢеұ•зӨәдәҶдёүеіЎеҺҶеҸІж–ҮеҢ–е’ҢйҮҚеәҶең°ж–№еҺҶеҸІж–ҮеҢ–гҖӮ', 106.5584200, 29.5562700, 2000, '0', 0, 0, '0', 'admin', '2025-11-02 12:19:13', 'admin', '2025-11-18 16:07:39', 'еӣҪе®¶дёҖзә§еҚҡзү©йҰҶ', '2');
INSERT INTO `tourism_venue` VALUES (2, 'йҮҚеәҶеӣҫд№ҰйҰҶ', 'еӣҫд№ҰйҰҶ', '/images/cq_library_cover.jpg', 0.00, 'йҮҚеәҶеёӮжІҷеқӘеққеҢәеҮӨеӨ©еӨ§йҒ“106еҸ·', 'йҮҚеәҶеёӮ', 'жІҷеқӘеққеҢә', '09:00-21:00', '023-65210070', 'http://www.cqlib.cn', 'йҮҚеәҶеӣҫд№ҰйҰҶжҳҜйҮҚеәҶеёӮз»јеҗҲжҖ§з ”з©¶еһӢе…¬е…ұеӣҫд№ҰйҰҶпјҢдёәеёӮж°‘жҸҗдҫӣж–ҮзҢ®еҖҹйҳ…гҖҒдҝЎжҒҜе’ЁиҜўгҖҒж–ҮеҢ–жҙ»еҠЁзӯүжңҚеҠЎгҖӮ', 106.4321000, 29.5412000, 3000, '1', 0, 0, '0', 'admin', '2025-11-02 12:19:13', '', NULL, 'еёӮзә§з»јеҗҲеӣҫд№ҰйҰҶ', '2');
INSERT INTO `tourism_venue` VALUES (3, 'йҮҚеәҶз§‘жҠҖйҰҶ', 'з§‘жҠҖйҰҶ', '', 20.00, 'йҮҚеәҶеёӮжёқеҢ—еҢәй»„еұұеӨ§йҒ“дёӯж®ө', '', '', '', '12345432213', 'http://www.cqstm.org.cn', 'йҮҚеәҶз§‘жҠҖйҰҶжҳҜйҮҚеәҶеёӮйҮҚиҰҒзҡ„з§‘жҷ®ж•ҷиӮІеҹәең°', NULL, NULL, 0, '0', 0, 0, '0', 'liyuan', '2025-11-11 19:07:46', '', NULL, NULL, '2');
INSERT INTO `tourism_venue` VALUES (4, 'еңәйҰҶеҗҚз§°', 'еңәйҰҶзұ»еҲ«', 'е°ҒйқўеӣҫзүҮURL', 20.00, 'иҜҰз»Ҷең°еқҖ', '', '', '', '13345667788', 'е®ҳж–№зҪ‘з«ҷ', 'еңәйҰҶжҸҸиҝ°', 106.1234560, 29.1234560, 0, '0', 0, 0, '1', 'liyuan', '2025-11-11 19:55:34', '', NULL, NULL, '2');
INSERT INTO `tourism_venue` VALUES (5, 'йҮҚеәҶз§‘жҠҖйҰҶ1', 'з§‘жҠҖйҰҶ', 'http://example.com/images/venue1.jpg', 0.00, 'йҮҚеәҶеёӮжёқеҢ—еҢәй»„еұұеӨ§йҒ“дёӯж®ө', '', '', '', '12345678890', 'http://www.cqstm.org.cn', 'йҮҚеәҶз§‘жҠҖйҰҶжҳҜйҮҚеәҶеёӮйҮҚиҰҒзҡ„з§‘жҷ®ж•ҷиӮІеҹәең°', 106.1234560, 29.1234560, 0, '0', 0, 0, '1', 'liyuan', '2025-11-11 19:56:37', 'liyuan', '2025-11-12 10:57:47', NULL, '2');
INSERT INTO `tourism_venue` VALUES (6, 'йҮҚеәҶз§‘жҠҖйҰҶ2', 'з§‘жҠҖйҰҶ', 'http://example.com/images/venue1.jpg', 0.00, 'йҮҚеәҶеёӮжёқеҢ—еҢәй»„еұұеӨ§йҒ“дёӯж®ө', '', '', '', '12345678890', 'http://www.cqstm.org.cn', 'йҮҚеәҶз§‘жҠҖйҰҶжҳҜйҮҚеәҶеёӮйҮҚиҰҒзҡ„з§‘жҷ®ж•ҷиӮІеҹәең°', 106.1234560, 29.1234560, 0, '0', 0, 0, '1', 'liyuan', '2025-11-12 10:58:09', '', NULL, NULL, '2');
INSERT INTO `tourism_venue` VALUES (7, 'з§‘жҠҖйҰҶ', 'ж–Үж—…', '/profile/upload/2025/11/18/жңӘж Үйўҳ-1_20251118181611A005.png', 4.00, 'йҮҚеәҶеёӮ', 'йҮҚеәҶеёӮ', 'йҮҚеәҶеёӮ', 'дёӢеҚҲ', '18983432250', '', 'и§Јж”ҫзў‘з§‘жҠҖ', 6.0000000, -6.0000000, 0, '0', 0, 0, '0', 'admin', '2025-11-18 16:28:46', 'admin', '2025-11-18 18:16:19', NULL, '2');
INSERT INTO `tourism_venue` VALUES (8, 'е°ұи®ўе•Ҡ', 'й…’еә—', '', 0.00, 'йҮҚеәҶеёӮ', 'йҮҚеәҶеёӮ', 'йҮҚеәҶеёӮ', '', '', '', NULL, 6.0000000, -6.0000000, 0, '0', 0, 0, '0', 'admin', '2025-11-18 16:32:27', '', NULL, NULL, '2');
INSERT INTO `tourism_venue` VALUES (9, 'жҳҜзҡ„', 'жҳҜзҡ„', '/profile/upload/2025/11/18/sala4_20251118182804A008.jpg', 0.00, 'еӣӣе·қзңҒйҳҝеққи—Ҹж—ҸзҫҢж—ҸиҮӘжІ»е·һд№қеҜЁжІҹеҺҝ', 'йҳҝеққе·һ', 'д№қеҜЁжІҹеҺҝ', '', '18983432250', '', NULL, 103.9180000, 33.2540000, 2, '0', 0, 0, '0', 'admin', '2025-11-18 18:28:06', 'admin', '2025-11-18 18:30:53', NULL, '2');
INSERT INTO `tourism_venue` VALUES (10, 'ж•ҷеӯҰжҘј', 'ж•ҷеӯҰ', '/profile/upload/2025/11/18/и“қиҺ“иҚүиҺ“_20251118192135A002.jpg', 0.00, 'йҮҚеәҶеёӮдёӨжұҹж–°еҢә', 'йҮҚеәҶеёӮ', 'йҮҚеәҶеёӮдёӨжұҹж–°еҢә', 'ж—©дёҠ8:00-жҷҡдёҠ22:00', '', '', 'ж•ҷеӯҰ', 2.0000000, 3.0000000, 0, '0', 0, 0, '0', 'admin', '2025-11-18 19:21:37', '', NULL, NULL, '0');

-- ----------------------------
-- Table structure for tourism_venue_facilities
-- ----------------------------
DROP TABLE IF EXISTS `tourism_venue_facilities`;
CREATE TABLE `tourism_venue_facilities`  (
  `id` int NOT NULL AUTO_INCREMENT COMMENT 'е…іиҒ”и®°еҪ•дё»й”®',
  `venue_id` bigint NOT NULL COMMENT 'е…іиҒ”зҡ„еңәйҰҶIDпјҲеӨ–й”®пјү',
  `facilities_id` int NOT NULL COMMENT 'е…іиҒ”зҡ„и®ҫеӨҮIDпјҲеӨ–й”®пјү',
  `sort` int NULL DEFAULT 0 COMMENT 'и®ҫеӨҮжҺ’еәҸеәҸеҸ·',
  PRIMARY KEY (`id`) USING BTREE,
  UNIQUE INDEX `uk_venue_facilities`(`venue_id` ASC, `facilities_id` ASC) USING BTREE,
  INDEX `facilities_id`(`facilities_id` ASC) USING BTREE,
  CONSTRAINT `tourism_venue_facilities_ibfk_1` FOREIGN KEY (`venue_id`) REFERENCES `tourism_venue` (`id`) ON DELETE CASCADE ON UPDATE RESTRICT,
  CONSTRAINT `tourism_venue_facilities_ibfk_2` FOREIGN KEY (`facilities_id`) REFERENCES `tourism_facilities` (`id`) ON DELETE CASCADE ON UPDATE RESTRICT
) ENGINE = InnoDB AUTO_INCREMENT = 3 CHARACTER SET = utf8mb4 COLLATE = utf8mb4_0900_ai_ci COMMENT = 'еңәйҰҶи®ҫеӨҮ-е…іиҒ”иЎЁ' ROW_FORMAT = Dynamic;

-- ----------------------------
-- Records of tourism_venue_facilities
-- ----------------------------

-- ----------------------------
-- Table structure for tourism_venue_image
-- ----------------------------
DROP TABLE IF EXISTS `tourism_venue_image`;
CREATE TABLE `tourism_venue_image`  (
  `id` int NOT NULL AUTO_INCREMENT COMMENT 'е…іиҒ”и®°еҪ•дё»й”®',
  `venue_id` bigint NOT NULL COMMENT 'е…іиҒ”зҡ„ж—…жёёеңәйҰҶIDпјҲеӨ–й”®пјү',
  `image_id` int NOT NULL COMMENT 'е…іиҒ”зҡ„еӣҫзүҮIDпјҲеӨ–й”®пјү',
  `sort` int NULL DEFAULT 0 COMMENT 'еӣҫзүҮжҺ’еәҸеәҸеҸ·',
  PRIMARY KEY (`id`) USING BTREE,
  UNIQUE INDEX `uk_venue_image`(`venue_id` ASC, `image_id` ASC) USING BTREE,
  INDEX `image_id`(`image_id` ASC) USING BTREE,
  CONSTRAINT `tourism_venue_image_ibfk_1` FOREIGN KEY (`venue_id`) REFERENCES `tourism_venue` (`id`) ON DELETE CASCADE ON UPDATE RESTRICT,
  CONSTRAINT `tourism_venue_image_ibfk_2` FOREIGN KEY (`image_id`) REFERENCES `tourism_image` (`id`) ON DELETE CASCADE ON UPDATE RESTRICT
) ENGINE = InnoDB AUTO_INCREMENT = 4 CHARACTER SET = utf8mb4 COLLATE = utf8mb4_0900_ai_ci COMMENT = 'ж—…жёёеңәйҰҶ-еӣҫзүҮе…іиҒ”иЎЁ' ROW_FORMAT = Dynamic;

-- ----------------------------
-- Records of tourism_venue_image
-- ----------------------------

-- ----------------------------

SET FOREIGN_KEY_CHECKS = 1;
